测试套/软件包名,测试用例名,状态,日志文件,原因
os-basic,oe_test_auditctl,x86 fail,https://github.com/KotorinMinami/res_list/tree/master/mugen-riscv/logs/os-basic/oe_test_auditctl/2023-04-28-03:36:43.log,测试套问题，x86 和 riscv 原因一致，测试套没有显示安装 audit 软件包，而 x86 和 riscv 镜像均没有预装 audit 软件包，导致 auditctl: command not found
,oe_test_catman,x86 fail,https://github.com/KotorinMinami/res_list/tree/master/mugen-riscv/logs/os-basic/oe_test_catman/2023-04-28-03:30:09.log,可能是测试套问题， x86 和 riscv 原因基本一致 [详细分析](./cause_md/os-basic/oe_test_catman.md)
,oe_test_dmraid,x86 fail,https://github.com/KotorinMinami/res_list/tree/master/mugen-riscv/logs/os-basic/oe_test_dmraid/2023-04-28-03:31:39.log,测试套问题， x86 和 riscv 原因不同，  [详细分析](./cause_md/os-basic/oe_test_dmraid.md)
,oe_test_nmcli_config_connect,x86 fail,https://github.com/KotorinMinami/res_list/tree/master/mugen-riscv/logs/os-basic/oe_test_nmcli_config_connect/2023-04-28-08:12:59.log,x86 和 riscv 原因一致，[详细分析](./cause_md/os-basic/oe_test_nmcli_config_connect.md)
,oe_test_nmcli_macsec,x86 fail,https://github.com/KotorinMinami/res_list/tree/master/mugen-riscv/logs/os-basic/oe_test_nmcli_macsec/2023-04-28-08:10:38.log,x86 和 riscv 原因一致，[详细分析](./cause_md/os-basic/oe_test_nmcli_macsec.md)
,oe_test_power_powertop2tuned_optimize,x86 fail,https://github.com/KotorinMinami/res_list/tree/master/mugen-riscv/logs/os-basic/oe_test_power_powertop2tuned_optimize/2023-04-28-07:59:24.log,x86 和 riscv 原因一致，[详细分析](./cause_md/os-basic/oe_test_power_powertop2tuned_optimize.md)
,oe_test_reboot,x86 fail,https://github.com/KotorinMinami/res_list/tree/master/mugen-riscv/logs/os-basic/oe_test_reboot/2023-04-28-05:55:16.log,测试环境问题，需要重测
,oe_test_server_mariadb_compatibilty,x86 fail,https://github.com/KotorinMinami/res_list/tree/master/mugen-riscv/logs/os-basic/oe_test_server_mariadb_compatibilty/2023-04-28-04:54:41.log,测试环境问题，需要重测
,oe_test_server_openssh_verifykey,x86 fail,https://github.com/KotorinMinami/res_list/tree/master/mugen-riscv/logs/os-basic/oe_test_server_openssh_verifykey/2023-04-28-04:29:21.log,测试套问题， x86 和 riscv 原因一致，[详细分析](./cause_md/os-basic/oe_test_server_openssh_verifykey.md)
,oe_test_server_squid_blacklist,x86 fail,https://github.com/KotorinMinami/res_list/tree/master/mugen-riscv/logs/os-basic/oe_test_server_squid_blacklist/2023-04-28-04:25:29.log,x86 和 riscv 原因一致，[详细分析](./cause_md/os-basic/oe_test_server_squid_blacklist.md)
,oe_test_server_vsftpd_NKdelay,x86 fail,https://github.com/KotorinMinami/res_list/tree/master/mugen-riscv/logs/os-basic/oe_test_server_vsftpd_NKdelay/2023-04-28-04:18:57.log,测试环境问题，需要重测
,oe_test_server_vsftpd_transfer,x86 fail,https://github.com/KotorinMinami/res_list/tree/master/mugen-riscv/logs/os-basic/oe_test_server_vsftpd_transfer/2023-04-28-04:13:38.log,测试环境问题，需要重测
,oe_test_sos,x86 fail,https://github.com/KotorinMinami/res_list/tree/master/mugen-riscv/logs/os-basic/oe_test_sos/2023-04-28-05:25:07.log,qemu 运行速度问题，需要重测
,oe_test_system_log_recorded,x86 fail,https://github.com/KotorinMinami/res_list/tree/master/mugen-riscv/logs/os-basic/oe_test_system_log_recorded/2023-04-28-04:12:23.log,测试套问题， x86 和 riscv 原因基本一致 [详细分析](./cause_md/os-basic/oe_test_system_log_recorded.md)
,oe_test_system_monitor_login,x86 fail,https://github.com/KotorinMinami/res_list/tree/master/mugen-riscv/logs/os-basic/oe_test_system_monitor_login/2023-04-28-04:11:08.log,测试环境问题，需要重测
,oe_test_system_monitor_reboot,x86 fail,https://github.com/KotorinMinami/res_list/tree/master/mugen-riscv/logs/os-basic/oe_test_system_monitor_reboot/2023-04-28-03:40:46.log,测试环境问题，需要重测
,oe_test_uname,x86 fail,https://github.com/KotorinMinami/res_list/tree/master/mugen-riscv/logs/os-basic/oe_test_uname/2023-04-28-03:40:18.log,测试套问题， x86 和 riscv 原因不同，[详细分析](./cause_md/os-basic/oe_test_uname.md)
,oe_test_whereis,x86 fail,https://github.com/KotorinMinami/res_list/tree/master/mugen-riscv/logs/os-basic/oe_test_whereis/2023-04-28-03:29:34.log,x86 和 riscv 原因一致，[详细分析](./cause_md/os-basic/oe_test_whereis.md)
,oe_test_count_gperftools_function,x86 fail,https://github.com/KotorinMinami/res_list/tree/master/mugen-riscv/logs/os-basic/oe_test_count_gperftools_function/2023-04-28-10:58:54.log,测试套问题， x86 和 riscv 原因不同，[详细分析](./cause_md/os-basic/oe_test_count_gperftools_function.md)
,oe_test_disk_graphics_card,x86 fail,https://github.com/KotorinMinami/res_list/tree/master/mugen-riscv/logs/os-basic/oe_test_disk_graphics_card/2023-04-28-10:05:30.log,测试套问题， x86 和 riscv 原因不同，[详细分析](./cause_md/os-basic/oe_test_disk_graphics_card.md)
acl,oe_test_access_providepam,x86 fail,https://github.com/KotorinMinami/res_list/tree/master/mugen-riscv/logs/acl/oe_test_access_providepam/2023-05-25-16_28_24.log,测试套问题， x86 和 riscv 原因一致，[详细分析](./cause_md/acl/oe_test_access_providepam.md)
anaconda,oe_test_service_zram,x86 fail,https://github.com/KotorinMinami/res_list/tree/master/mugen-riscv/logs/anaconda/oe_test_service_zram/2023-05-25-21_41_44.log,测试套问题， x86 和 riscv 原因一致，没有软件包提供 zram.service
audit,oe_test_audit_ausearch,x86 fail,https://github.com/KotorinMinami/res_list/tree/master/mugen-riscv/logs/audit/oe_test_audit_ausearch/2023-05-25-22_58_32.log,测试套问题， x86 和 riscv 原因一致，[详细分析](./cause_md/audit/oe_test_audit_ausearch.md)
,oe_test_audit_available_disk_space,x86 fail,https://github.com/KotorinMinami/res_list/tree/master/mugen-riscv/logs/audit/oe_test_audit_available_disk_space/2023-05-25-22_51_28.log,测试套问题， x86 和 riscv 原因基本一致，[详细分析](./cause_md/audit/oe_test_audit_available_disk_space.md)
,oe_test_audit_count_number_of_event,x86 fail,https://github.com/KotorinMinami/res_list/tree/master/mugen-riscv/logs/audit/oe_test_audit_count_number_of_event/2023-05-25-22_37_18.log,测试套问题， x86 和 riscv 原因基本一致，[详细分析](./cause_md/audit/oe_test_audit_count_number_of_event.md)
,oe_test_audit_count_time,x86 fail,https://github.com/KotorinMinami/res_list/tree/master/mugen-riscv/logs/audit/oe_test_audit_count_time/2023-05-25-22_37_08.log,测试套问题， x86 和 riscv 原因基本一致，[详细分析](./cause_md/audit/oe_test_audit_count_number_of_event.md)
,oe_test_audit_event_log,x86 fail,https://github.com/KotorinMinami/res_list/tree/master/mugen-riscv/logs/audit/oe_test_audit_event_log/2023-05-25-22_57_47.log,测试套问题， x86 和 riscv 原因基本一致，[详细分析](./cause_md/audit/oe_test_audit_available_disk_space.md)
,oe_test_audit_fetch_file_in_order,x86 fail,https://github.com/KotorinMinami/res_list/tree/master/mugen-riscv/logs/audit/oe_test_audit_fetch_file_in_order/2023-05-25-22_36_21.log,测试套问题， x86 和 riscv 原因基本一致，[详细分析](./cause_md/audit/oe_test_audit_fetch_file_in_order.md)
,oe_test_audit_max_log_file_ignore,x86 fail,https://github.com/KotorinMinami/res_list/tree/master/mugen-riscv/logs/audit/oe_test_audit_max_log_file_ignore/2023-05-25-22_40_37.log,测试套问题， x86 和 riscv 原因基本一致，[详细分析](./cause_md/audit/oe_test_audit_max_log_file_ignore.md)
,oe_test_audit_max_log_file_keep_logs,x86 fail,https://github.com/KotorinMinami/res_list/tree/master/mugen-riscv/logs/audit/oe_test_audit_max_log_file_keep_logs/2023-05-25-22_50_35.log,测试套问题， x86 和 riscv 原因基本一致，依赖 audit 软件包，但是它在 x86 和 riscv 均没有预装；依赖 service 命令，但是它在 riscv 没有预装
,oe_test_audit_max_log_file_rotate,x86 fail,https://github.com/KotorinMinami/res_list/tree/master/mugen-riscv/logs/audit/oe_test_audit_max_log_file_rotate/2023-05-25-22_39_42.log,测试套问题， x86 和 riscv 原因基本一致，依赖 audit 软件包，但是它在 x86 和 riscv 均没有预装；依赖 service 命令，但是它在 riscv 没有预装
,oe_test_audit_max_log_file_suspend,x86 fail,https://github.com/KotorinMinami/res_list/tree/master/mugen-riscv/logs/audit/oe_test_audit_max_log_file_suspend/2023-05-25-22_49_20.log,测试套问题， x86 和 riscv 原因基本一致，依赖 audit 软件包，但是它在 x86 和 riscv 均没有预装；依赖 service 命令，但是它在 riscv 没有预装
,oe_test_audit_max_log_file_syslog,x86 fail,https://github.com/KotorinMinami/res_list/tree/master/mugen-riscv/logs/audit/oe_test_audit_max_log_file_syslog/2023-05-25-22_48_03.log,测试套问题， x86 和 riscv 原因基本一致，依赖 audit 软件包，但是它在 x86 和 riscv 均没有预装；依赖 service 命令，但是它在 riscv 没有预装
,oe_test_audit_monitor_dictionary_access,x86 fail,https://github.com/KotorinMinami/res_list/tree/master/mugen-riscv/logs/audit/oe_test_audit_monitor_dictionary_access/2023-05-25-22_33_01.log,测试套问题， x86 和 riscv 原因基本一致，依赖 audit 软件包，但是它在 x86 和 riscv 均没有预装；依赖 service 命令，但是它在 riscv 没有预装
,oe_test_audit_monitor_do_command,x86 fail,https://github.com/KotorinMinami/res_list/tree/master/mugen-riscv/logs/audit/oe_test_audit_monitor_do_command/2023-05-25-22_33_36.log,测试套问题， x86 和 riscv 原因基本一致，依赖 audit 软件包，但是它在 x86 和 riscv 均没有预装；依赖 service 命令，但是它在 riscv 没有预装
,oe_test_audit_monitor_file_access,x86 fail,https://github.com/KotorinMinami/res_list/tree/master/mugen-riscv/logs/audit/oe_test_audit_monitor_file_access/2023-05-25-22_02_54.log,测试套问题， x86 和 riscv 原因基本一致，依赖 audit 软件包，但是它在 x86 和 riscv 均没有预装；依赖 service 命令，但是它在 riscv 没有预装
,oe_test_audit_monitor_network_visit,x86 fail,https://github.com/KotorinMinami/res_list/tree/master/mugen-riscv/logs/audit/oe_test_audit_monitor_network_visit/2023-05-25-22_34_21.log,测试套问题， x86 和 riscv 原因基本一致，依赖 audit 软件包，但是它在 x86 和 riscv 均没有预装；依赖 service 命令，但是它在 riscv 没有预装
,oe_test_audit_monitor_system_use,x86 fail,https://github.com/KotorinMinami/res_list/tree/master/mugen-riscv/logs/audit/oe_test_audit_monitor_system_use/2023-05-25-22_33_17.log,测试套问题， x86 和 riscv 原因基本一致，依赖 audit 软件包，但是它在 x86 和 riscv 均没有预装；依赖 service 命令，但是它在 riscv 没有预装
,oe_test_audit_other,x86 fail,https://github.com/KotorinMinami/res_list/tree/master/mugen-riscv/logs/audit/oe_test_audit_other/2023-05-25-22_58_00.log,测试套问题， x86 和 riscv 原因基本一致，依赖 audit 软件包，但是它在 x86 和 riscv 均没有预装；依赖 service 命令，但是它在 riscv 没有预装
,oe_test_audit_rule_conflict_strategy,x86 fail,https://github.com/KotorinMinami/res_list/tree/master/mugen-riscv/logs/audit/oe_test_audit_rule_conflict_strategy/2023-05-25-22_35_47.log,测试套问题， x86 和 riscv 原因基本一致，依赖 audit 软件包，但是它在 x86 和 riscv 均没有预装；依赖 service 命令，但是它在 riscv 没有预装
,oe_test_audit_rule_contact_strategy,x86 fail,https://github.com/KotorinMinami/res_list/tree/master/mugen-riscv/logs/audit/oe_test_audit_rule_contact_strategy/2023-05-25-22_35_13.log,测试套问题， x86 和 riscv 原因基本一致，依赖 audit 软件包，但是它在 x86 和 riscv 均没有预装；依赖 service 命令，但是它在 riscv 没有预装
,oe_test_audit_rule_fetch_from_rule,x86 fail,https://github.com/KotorinMinami/res_list/tree/master/mugen-riscv/logs/audit/oe_test_audit_rule_fetch_from_rule/2023-05-25-22_36_08.log,测试套问题， x86 和 riscv 原因基本一致，依赖 audit 软件包，但是它在 x86 和 riscv 均没有预装；依赖 service 命令，但是它在 riscv 没有预装
,oe_test_audit_show_event_list,x86 fail,https://github.com/KotorinMinami/res_list/tree/master/mugen-riscv/logs/audit/oe_test_audit_show_event_list/2023-05-25-22_37_30.log,测试套问题， x86 和 riscv 原因基本一致，依赖 audit 软件包，但是它在 x86 和 riscv 均没有预装；依赖 service 命令，但是它在 riscv 没有预装
,oe_test_audit_track_designated_access,x86 fail,https://github.com/KotorinMinami/res_list/tree/master/mugen-riscv/logs/audit/oe_test_audit_track_designated_access/2023-05-25-22_34_36.log,测试套问题， x86 和 riscv 原因基本一致，依赖 audit 软件包，但是它在 x86 和 riscv 均没有预装；依赖 service 命令，但是它在 riscv 没有预装
,oe_test_audit_use_d_audit,x86 fail,https://github.com/KotorinMinami/res_list/tree/master/mugen-riscv/logs/audit/oe_test_audit_use_d_audit/2023-05-25-22_34_47.log,测试套问题， x86 和 riscv 原因基本一致，依赖 audit 软件包，但是它在 x86 和 riscv 均没有预装；依赖 service 命令，但是它在 riscv 没有预装
,oe_test_audit_use_w_audit,x86 fail,https://github.com/KotorinMinami/res_list/tree/master/mugen-riscv/logs/audit/oe_test_audit_use_w_audit/2023-05-25-22_35_01.log,测试套问题， x86 和 riscv 原因基本一致，依赖 audit 软件包，但是它在 x86 和 riscv 均没有预装；依赖 service 命令，但是它在 riscv 没有预装
,oe_test_audit_user_build_connection,x86 fail,https://github.com/KotorinMinami/res_list/tree/master/mugen-riscv/logs/audit/oe_test_audit_user_build_connection/2023-05-25-22_37_42.log,测试套问题， x86 和 riscv 原因基本一致，[详细分析](./cause_md/audit/oe_test_audit_user_build_connection.md)
,oe_test_aulastlog,x86 fail,https://github.com/KotorinMinami/res_list/tree/master/mugen-riscv/logs/audit/oe_test_aulastlog/2023-05-25-22_58_53.log,测试套问题， x86 和 riscv 原因基本一致，依赖 audit 软件包，但是它在 x86 和 riscv 均没有预装；依赖 service 命令，但是它在 riscv 没有预装
,oe_test_inject_time_fault,x86 fail,https://github.com/KotorinMinami/res_list/tree/master/mugen-riscv/logs/audit/oe_test_inject_time_fault/2023-05-25-22_55_53.log,测试套问题， x86 和 riscv 原因基本一致，依赖 audit 软件包，但是它在 x86 和 riscv 均没有预装；依赖 service 命令，但是它在 riscv 没有预装
,oe_test_service_auditd,x86 fail,https://github.com/KotorinMinami/res_list/tree/master/mugen-riscv/logs/audit/oe_test_service_auditd/2023-05-25-22_57_10.log,测试套问题， x86 和 riscv 原因基本一致，依赖 audit 软件包，但是它在 x86 和 riscv 均没有预装；依赖 service 命令，但是它在 riscv 没有预装
,oe_test_start_audit,x86 fail,https://github.com/KotorinMinami/res_list/tree/master/mugen-riscv/logs/audit/oe_test_start_audit/2023-05-25-22_58_18.log,测试套问题， x86 和 riscv 原因基本一致，依赖 audit 软件包，但是它在 x86 和 riscv 均没有预装；依赖 service 命令，但是它在 riscv 没有预装
chrony,oe_test_service_chrony-wait,x86 fail,https://github.com/KotorinMinami/res_list/tree/master/mugen-riscv/logs/chrony/oe_test_service_chrony-wait/2023-07-20-12_08_39.log,测试套问题， x86 和 riscv 原因一致，[详细分析](./cause_md/chrony/oe_test_service_chrony-wait.md)
cmake,oe_test_ccmake,x86 fail,https://github.com/KotorinMinami/res_list/tree/master/mugen-riscv/logs/cmake/oe_test_ccmake/2023-05-25-15:21:43.log,x86 和 riscv 原因一致，[详细分析](./cause_md/cmake/oe_test_ccmake.md)
,oe_test_ccmake3,x86 fail,https://github.com/KotorinMinami/res_list/tree/master/mugen-riscv/logs/cmake/oe_test_ccmake3/2023-05-25-15:25:48.log,x86 和 riscv 原因一致，[详细分析](./cause_md/cmake/oe_test_ccmake3.md)
crontabs,oe_test_crontabs,x86 fail,https://github.com/KotorinMinami/res_list/tree/master/mugen-riscv/logs/crontabs/oe_test_crontabs/2023-05-25-16_38_51.log,x86 和 riscv 原因一致，[详细分析](./cause_md/crontabs/oe_test_crontabs.md)
dbxtool,oe_test_service_dbxtool,x86 fail,https://github.com/KotorinMinami/res_list/tree/master/mugen-riscv/logs/dbxtool/oe_test_service_dbxtool/2023-05-25-21:05:52.log,x86 和 riscv 原因一致，[详细分析](./cause_md/dbxtool/oe_test_service_dbxtool.md)
dhcp,oe_test_service_dhcpd,x86 fail,https://github.com/KotorinMinami/res_list/tree/master/mugen-riscv/logs/dhcp/oe_test_service_dhcpd/2023-05-25-21:39:19.log,x86 和 riscv 原因不同，[详细分析](./cause_md/dhcp/oe_test_service_dhcpd.md)
,oe_test_service_dhcpd6,x86 fail,https://github.com/KotorinMinami/res_list/tree/master/mugen-riscv/logs/dhcp/oe_test_service_dhcpd6/2023-05-25-21:38:13.log,x86 和 riscv 原因不同，[详细分析](./cause_md/dhcp/oe_test_service_dhcpd6.md)
dmidecode,oe_test_dmidecode,x86 fail,https://github.com/KotorinMinami/res_list/tree/master/mugen-riscv/logs/dmidecode/oe_test_dmidecode/2023-05-25-22:30:42.log,测试套问题， x86 和 riscv 原因一致，[详细分析](./cause_md/dmidecode/oe_test_dmidecode.md)
dnf,oe_test_dnf_enabled_enablerepo,x86 fail,https://github.com/KotorinMinami/res_list/tree/master/mugen-riscv/logs/dnf/oe_test_dnf_enabled_enablerepo/2023-05-25-17_06_44.log,测试套问题， x86 和 riscv 原因不同，[详细分析](./cause_md/dnf/oe_test_dnf_enabled_enablerepo.md)
,oe_test_dnf_list_mark,x86 fail,https://github.com/KotorinMinami/res_list/tree/master/mugen-riscv/logs/dnf/oe_test_dnf_list_mark/2023-05-25-17_14_32.log,测试套问题， x86 和 riscv 原因不同，[详细分析](./cause_md/dnf/oe_test_dnf_list_mark.md)
,oe_test_dnf_reinstall_repoinfo,x86 fail,https://github.com/KotorinMinami/res_list/tree/master/mugen-riscv/logs/dnf/oe_test_dnf_reinstall_repoinfo/2023-05-25-17_20_55.log,测试套问题， x86 和 riscv 原因不同，[详细分析](./cause_md/dnf/oe_test_dnf_reinstall_repoinfo.md)
,oe_test_dnf_repeat-upgrade-downgrade,x86 fail,https://github.com/KotorinMinami/res_list/tree/master/mugen-riscv/logs/dnf/oe_test_dnf_repeat-upgrade-downgrade/2023-05-25-17_35_52.log,测试套问题， x86 和 riscv 原因不同，[详细分析](./cause_md/dnf/oe_test_dnf_repeat-upgrade-downgrade.md)
ebtables,oe_test_service_ebtables,x86 fail,https://github.com/KotorinMinami/res_list/tree/master/mugen-riscv/logs/ebtables/oe_test_service_ebtables/2023-05-26-02:18:40.log,测试套问题， x86 和 riscv 原因一致，[详细分析](./cause_md/ebtables/oe_test_service_ebtables.md)
fftw,oe_test_fftw_fftw-wisdom-to-conf,x86 fail,https://github.com/KotorinMinami/res_list/tree/master/mugen-riscv/logs/fftw/oe_test_fftw_fftw-wisdom-to-conf/2023-05-26-14:22:42.log,x86 和 riscv 原因一致，[详细分析](./cause_md/fftw/oe_test_fftw_fftw-wisdom-to-conf.md)
,oe_test_fftw_fftw-wisdom_02,x86 fail,https://github.com/KotorinMinami/res_list/tree/master/mugen-riscv/logs/fftw/oe_test_fftw_fftw-wisdom_02/2023-05-26-14:26:27.log,x86 和 riscv 原因一致，[详细分析](./cause_md/fftw/oe_test_fftw_fftw-wisdom_02.md)
,oe_test_fftw_fftwf-wisdom_02,x86 fail,https://github.com/KotorinMinami/res_list/tree/master/mugen-riscv/logs/fftw/oe_test_fftw_fftwf-wisdom_02/2023-05-26-14:31:51.log,x86 和 riscv 原因一致，[详细分析](./cause_md/fftw/oe_test_fftw_fftwf-wisdom_02.md)
,oe_test_fftw_fftwl-wisdom_02,x86 fail,https://github.com/KotorinMinami/res_list/tree/master/mugen-riscv/logs/fftw/oe_test_fftw_fftwl-wisdom_02/2023-05-26-14:37:36.log,x86 和 riscv 原因一致，[详细分析](./cause_md/fftw/oe_test_fftw_fftwl-wisdom_02.md)
firewalld,oe_test_firewalld_add_newservice,x86 fail,https://github.com/KotorinMinami/res_list/tree/master/mugen-riscv/logs/firewalld/oe_test_firewalld_add_newservice/2023-05-26-15:17:27.log,测试套问题，没有安装测试对象 firewalld 软件包， x86 和 riscv 原因一致，[详细分析](./cause_md/firewalld/oe_test_firewalld_add_newservice.md)
,oe_test_firewalld_add_port,x86 fail,https://github.com/KotorinMinami/res_list/tree/master/mugen-riscv/logs/firewalld/oe_test_firewalld_add_port/2023-05-26-15:21:23.log,测试套问题，没有安装测试对象 firewalld 软件包， x86 和 riscv 原因一致
,oe_test_firewalld_add_service,x86 fail,https://github.com/KotorinMinami/res_list/tree/master/mugen-riscv/logs/firewalld/oe_test_firewalld_add_service/2023-05-26-15:26:04.log,测试套问题，没有安装测试对象 firewalld 软件包， x86 和 riscv 原因一致
,oe_test_firewalld_add_sourceip,x86 fail,https://github.com/KotorinMinami/res_list/tree/master/mugen-riscv/logs/firewalld/oe_test_firewalld_add_sourceip/2023-05-26-15:28:36.log,测试套问题，没有安装测试对象 firewalld 软件包， x86 和 riscv 原因一致
,oe_test_firewalld_add_sourceport,x86 fail,https://github.com/KotorinMinami/res_list/tree/master/mugen-riscv/logs/firewalld/oe_test_firewalld_add_sourceport/2023-05-26-15:29:01.log,测试套问题，没有安装测试对象 firewalld 软件包， x86 和 riscv 原因一致
,oe_test_firewalld_addport_udp,x86 fail,https://github.com/KotorinMinami/res_list/tree/master/mugen-riscv/logs/firewalld/oe_test_firewalld_addport_udp/2023-05-26-15:23:54.log,测试套问题，没有安装测试对象 firewalld 软件包， x86 和 riscv 原因一致
,oe_test_firewalld_allow_zones,x86 fail,https://github.com/KotorinMinami/res_list/tree/master/mugen-riscv/logs/firewalld/oe_test_firewalld_allow_zones/2023-05-26-15:29:28.log,测试套问题，没有安装测试对象 firewalld 软件包， x86 和 riscv 原因一致
,oe_test_firewalld_block_icmp,x86 fail,https://github.com/KotorinMinami/res_list/tree/master/mugen-riscv/logs/firewalld/oe_test_firewalld_block_icmp/2023-05-26-15:32:25.log,测试套问题，没有安装测试对象 firewalld 软件包， x86 和 riscv 原因一致
,oe_test_firewalld_change_interface,x86 fail,https://github.com/KotorinMinami/res_list/tree/master/mugen-riscv/logs/firewalld/oe_test_firewalld_change_interface/2023-05-26-15:32:54.log,测试套问题，没有安装测试对象 firewalld 软件包， x86 和 riscv 原因一致
,oe_test_firewalld_change_xml,x86 fail,https://github.com/KotorinMinami/res_list/tree/master/mugen-riscv/logs/firewalld/oe_test_firewalld_change_xml/2023-05-26-15:35:18.log,测试套问题，没有安装测试对象 firewalld 软件包， x86 和 riscv 原因一致
,oe_test_firewalld_directrule_acceptdport,x86 fail,https://github.com/KotorinMinami/res_list/tree/master/mugen-riscv/logs/firewalld/oe_test_firewalld_directrule_acceptdport/2023-05-26-15:37:44.log,测试套问题，没有安装测试对象 firewalld 软件包， x86 和 riscv 原因一致
,oe_test_firewalld_dnat,x86 fail,https://github.com/KotorinMinami/res_list/tree/master/mugen-riscv/logs/firewalld/oe_test_firewalld_dnat/2023-05-26-15:40:07.log,测试套问题，没有安装测试对象 firewalld 软件包， x86 和 riscv 原因一致
,oe_test_firewalld_dropzone_service,x86 fail,https://github.com/KotorinMinami/res_list/tree/master/mugen-riscv/logs/firewalld/oe_test_firewalld_dropzone_service/2023-05-26-15:43:02.log,测试套问题，没有安装测试对象 firewalld 软件包， x86 和 riscv 原因一致
,oe_test_firewalld_forward_nat,x86 fail,https://github.com/KotorinMinami/res_list/tree/master/mugen-riscv/logs/firewalld/oe_test_firewalld_forward_nat/2023-05-26-15:45:27.log,测试套问题，没有安装测试对象 firewalld 软件包， x86 和 riscv 原因一致
,oe_test_firewalld_getzone,x86 fail,https://github.com/KotorinMinami/res_list/tree/master/mugen-riscv/logs/firewalld/oe_test_firewalld_getzone/2023-05-26-15:46:10.log,测试套问题，没有安装测试对象 firewalld 软件包， x86 和 riscv 原因一致
,oe_test_firewalld_ip_camouflage,x86 fail,https://github.com/KotorinMinami/res_list/tree/master/mugen-riscv/logs/firewalld/oe_test_firewalld_ip_camouflage/2023-05-26-15:46:36.log,测试套问题，没有安装测试对象 firewalld 软件包， x86 和 riscv 原因一致
,oe_test_firewalld_list,x86 fail,https://github.com/KotorinMinami/res_list/tree/master/mugen-riscv/logs/firewalld/oe_test_firewalld_list/2023-05-26-15:47:04.log,测试套问题，没有安装测试对象 firewalld 软件包， x86 和 riscv 原因一致
,oe_test_firewalld_lockdown,x86 fail,https://github.com/KotorinMinami/res_list/tree/master/mugen-riscv/logs/firewalld/oe_test_firewalld_lockdown/2023-05-26-15:47:31.log,测试套问题，没有安装测试对象 firewalld 软件包， x86 和 riscv 原因一致
,oe_test_firewalld_log_denied,x86 fail,https://github.com/KotorinMinami/res_list/tree/master/mugen-riscv/logs/firewalld/oe_test_firewalld_log_denied/2023-05-26-15:47:57.log,测试套问题，没有安装测试对象 firewalld 软件包， x86 和 riscv 原因一致
,oe_test_firewalld_new_zone,x86 fail,https://github.com/KotorinMinami/res_list/tree/master/mugen-riscv/logs/firewalld/oe_test_firewalld_new_zone/2023-05-26-15:50:38.log,测试套问题，没有安装测试对象 firewalld 软件包， x86 和 riscv 原因一致
,oe_test_firewalld_panic_on,x86 fail,https://github.com/KotorinMinami/res_list/tree/master/mugen-riscv/logs/firewalld/oe_test_firewalld_panic_on/2023-05-26-15:51:05.log,测试套问题，没有安装测试对象 firewalld 软件包， x86 和 riscv 原因一致
,oe_test_firewalld_port_map,x86 fail,https://github.com/KotorinMinami/res_list/tree/master/mugen-riscv/logs/firewalld/oe_test_firewalld_port_map/2023-05-26-15:51:48.log,测试套问题，没有安装测试对象 firewalld 软件包， x86 和 riscv 原因一致
,oe_test_firewalld_protocol_tcp,x86 fail,https://github.com/KotorinMinami/res_list/tree/master/mugen-riscv/logs/firewalld/oe_test_firewalld_protocol_tcp/2023-05-26-15:54:01.log,测试套问题，没有安装测试对象 firewalld 软件包， x86 和 riscv 原因一致
,oe_test_firewalld_richrule_acceptsource,x86 fail,https://github.com/KotorinMinami/res_list/tree/master/mugen-riscv/logs/firewalld/oe_test_firewalld_richrule_acceptsource/2023-05-26-15:56:16.log,测试套问题，没有安装测试对象 firewalld 软件包， x86 和 riscv 原因一致
,oe_test_firewalld_richrule_allowippak,x86 fail,https://github.com/KotorinMinami/res_list/tree/master/mugen-riscv/logs/firewalld/oe_test_firewalld_richrule_allowippak/2023-05-26-15:58:40.log,测试套问题，没有安装测试对象 firewalld 软件包， x86 和 riscv 原因一致
,oe_test_firewalld_richrule_blacklist,x86 fail,https://github.com/KotorinMinami/res_list/tree/master/mugen-riscv/logs/firewalld/oe_test_firewalld_richrule_blacklist/2023-05-26-16:01:06.log,测试套问题，没有安装测试对象 firewalld 软件包， x86 和 riscv 原因一致
,oe_test_firewalld_richrule_dropicmppack,x86 fail,https://github.com/KotorinMinami/res_list/tree/master/mugen-riscv/logs/firewalld/oe_test_firewalld_richrule_dropicmppack/2023-05-26-16:01:47.log,测试套问题，没有安装测试对象 firewalld 软件包， x86 和 riscv 原因一致
,oe_test_firewalld_richrule_dropipv4pak,x86 fail,https://github.com/KotorinMinami/res_list/tree/master/mugen-riscv/logs/firewalld/oe_test_firewalld_richrule_dropipv4pak/2023-05-26-16:02:18.log,测试套问题，没有安装测试对象 firewalld 软件包， x86 和 riscv 原因一致
,oe_test_firewalld_richrule_forwardport,x86 fail,https://github.com/KotorinMinami/res_list/tree/master/mugen-riscv/logs/firewalld/oe_test_firewalld_richrule_forwardport/2023-05-26-16:04:47.log,测试套问题，没有安装测试对象 firewalld 软件包， x86 和 riscv 原因一致
,oe_test_firewalld_runtime_permanent,x86 fail,https://github.com/KotorinMinami/res_list/tree/master/mugen-riscv/logs/firewalld/oe_test_firewalld_runtime_permanent/2023-05-26-16:07:05.log,测试套问题，没有安装测试对象 firewalld 软件包， x86 和 riscv 原因一致
,oe_test_firewalld_set_defaultzone,x86 fail,https://github.com/KotorinMinami/res_list/tree/master/mugen-riscv/logs/firewalld/oe_test_firewalld_set_defaultzone/2023-05-26-16:07:32.log,测试套问题，没有安装测试对象 firewalld 软件包， x86 和 riscv 原因一致
,oe_test_firewalld_set_ipset,x86 fail,https://github.com/KotorinMinami/res_list/tree/master/mugen-riscv/logs/firewalld/oe_test_firewalld_set_ipset/2023-05-26-16:09:56.log,测试套问题，没有安装测试对象 firewalld 软件包， x86 和 riscv 原因一致
,oe_test_firewalld_set_target,x86 fail,https://github.com/KotorinMinami/res_list/tree/master/mugen-riscv/logs/firewalld/oe_test_firewalld_set_target/2023-05-26-16:12:51.log,测试套问题，没有安装测试对象 firewalld 软件包， x86 和 riscv 原因一致
,oe_test_firewalld_start_check,x86 fail,https://github.com/KotorinMinami/res_list/tree/master/mugen-riscv/logs/firewalld/oe_test_firewalld_start_check/2023-05-26-16:13:20.log,测试套问题，没有安装测试对象 firewalld 软件包， x86 和 riscv 原因一致
,oe_test_firewalld_start_status,x86 fail,https://github.com/KotorinMinami/res_list/tree/master/mugen-riscv/logs/firewalld/oe_test_firewalld_start_status/2023-05-26-16:13:43.log,测试套问题，没有安装测试对象 firewalld 软件包， x86 和 riscv 原因一致
,oe_test_firewalld_start_stop,x86 fail,https://github.com/KotorinMinami/res_list/tree/master/mugen-riscv/logs/firewalld/oe_test_firewalld_start_stop/2023-05-26-16:14:11.log,测试套问题，没有安装测试对象 firewalld 软件包， x86 和 riscv 原因一致
,oe_test_firewalld_whitelist_command,x86 fail,https://github.com/KotorinMinami/res_list/tree/master/mugen-riscv/logs/firewalld/oe_test_firewalld_whitelist_command/2023-05-26-16:15:12.log,测试套问题，没有安装测试对象 firewalld 软件包， x86 和 riscv 原因一致
,oe_test_firewalld_whitelist_contexts,x86 fail,https://github.com/KotorinMinami/res_list/tree/master/mugen-riscv/logs/firewalld/oe_test_firewalld_whitelist_contexts/2023-05-26-16:15:47.log,测试套问题，没有安装测试对象 firewalld 软件包， x86 和 riscv 原因一致
,oe_test_firewalld_whitelist_uids,x86 fail,https://github.com/KotorinMinami/res_list/tree/master/mugen-riscv/logs/firewalld/oe_test_firewalld_whitelist_uids/2023-05-26-16:16:12.log,测试套问题，没有安装测试对象 firewalld 软件包， x86 和 riscv 原因一致
,oe_test_firewalld_whitelist_user,x86 fail,https://github.com/KotorinMinami/res_list/tree/master/mugen-riscv/logs/firewalld/oe_test_firewalld_whitelist_user/2023-05-26-16:16:41.log,测试套问题，没有安装测试对象 firewalld 软件包， x86 和 riscv 原因一致
,oe_test_firewalld_zone_add_service,x86 fail,https://github.com/KotorinMinami/res_list/tree/master/mugen-riscv/logs/firewalld/oe_test_firewalld_zone_add_service/2023-05-26-16:17:12.log,测试套问题，没有安装测试对象 firewalld 软件包， x86 和 riscv 原因一致
,oe_test_firewalld_zone_migration,x86 fail,https://github.com/KotorinMinami/res_list/tree/master/mugen-riscv/logs/firewalld/oe_test_firewalld_zone_migration/2023-05-26-16:23:08.log,测试套问题，没有安装测试对象 firewalld 软件包， x86 和 riscv 原因一致
,oe_test_service_firewalld,x86 fail,https://github.com/KotorinMinami/res_list/tree/master/mugen-riscv/logs/firewalld/oe_test_service_firewalld/2023-05-26-16:17:37.log,测试套问题，没有安装测试对象 firewalld 软件包， x86 和 riscv 原因一致
,oe_test_freeradius_freeradius-utils_radsqlrelay,x86 fail,https://github.com/KotorinMinami/res_list/tree/master/mugen-riscv/logs/freeradius/oe_test_freeradius_freeradius-utils_radsqlrelay/2023-05-26-18:53:42.log,测试套问题， x86 和 riscv 原因一致，[详细分析](./cause_md/freeradius/oe_test_freeradius_freeradius-utils_radsqlrelay.md)
,oe_test_freeradius_freeradius-utils_radtestAndRadwho,x86 fail,https://github.com/KotorinMinami/res_list/tree/master/mugen-riscv/logs/freeradius/oe_test_freeradius_freeradius-utils_radtestAndRadwho/2023-05-26-18:54:43.log,x86 和 riscv 原因一致， radiusd.service 启动失败，[详细分析](./cause_md/freeradius/oe_test_freeradius_freeradius-utils_radtestAndRadwho.md)
hostname,oe_test_service_nis-domainname,x86 fail,https://github.com/KotorinMinami/res_list/tree/master/mugen-riscv/logs/hostname/oe_test_service_nis-domainname/2023-05-25-16_57_06.log,测试套问题， x86 和 riscv 原因不同，[详细分析](./cause_md/hostname/oe_test_service_nis-domainname.md)
iSulad,oe_test_service_isulad,x86 fail,https://github.com/KotorinMinami/res_list/tree/master/mugen-riscv/logs/iSulad/oe_test_service_isulad/2023-05-26-23:31:47.log,x86 和 riscv 原因一致，[详细分析](./cause_md/iSulad/oe_test_service_isulad.md)
initscripts,oe_test_service_netconsole,x86 fail,https://github.com/KotorinMinami/res_list/tree/master/mugen-riscv/logs/initscripts/oe_test_service_netconsole/2023-05-27-01:03:12.log,x86 和 riscv 原因一致，[详细分析](./cause_md/initscripts/oe_test_service_netconsole.md)
iputils,oe_test_service_ninfod,x86 fail,https://github.com/KotorinMinami/res_list/tree/master/mugen-riscv/logs/iputils/oe_test_service_ninfod/2023-05-25-16_57_27.log,软件包缺失，x86 和 riscv 原因一致，[详细分析](./cause_md/iputils/oe_test_service_ninfod.md)
,oe_test_service_rdisc,x86 fail,https://github.com/KotorinMinami/res_list/tree/master/mugen-riscv/logs/iputils/oe_test_service_rdisc/2023-05-25-16_59_05.log,软件包缺失，x86 和 riscv 原因一致，[详细分析](./cause_md/iputils/oe_test_service_rdisc.md)
kernel,oe_test_check_huge_task,x86 fail,https://github.com/KotorinMinami/res_list/tree/master/mugen-riscv/logs/kernel/oe_test_check_huge_task/2023-05-25-17_11_57.log,内核问题， x86 和 riscv 原因一致，[详细分析](./cause_md/kernel/oe_test_check_huge_task.md)
,oe_test_cifs,x86 fail,https://github.com/KotorinMinami/res_list/tree/master/mugen-riscv/logs/kernel/oe_test_cifs/2023-05-25-17_13_05.log,测试套问题、内核问题， x86 和 riscv 原因不同，[详细分析](./cause_md/kernel/oe_test_cifs.md)
,oe_test_cpu_rand,x86 fail,https://github.com/KotorinMinami/res_list/tree/master/mugen-riscv/logs/kernel/oe_test_cpu_rand/2023-05-25-17_09_52.log,x86 和 riscv 原因基本一致，[详细分析](./cause_md/kernel/oe_test_cpu_rand.md)
,oe_test_hinic,x86 fail,https://github.com/KotorinMinami/res_list/tree/master/mugen-riscv/logs/kernel/oe_test_hinic/2023-05-25-17_08_46.log,测试套问题、内核问题，x86 和 riscv 原因不同，[详细分析](./cause_md/kernel/oe_test_hinic.md)
,oe_test_io_sched,x86 fail,https://github.com/KotorinMinami/res_list/tree/master/mugen-riscv/logs/kernel/oe_test_io_sched/2023-05-25-17_07_36.log,测试套问题， x86 和 riscv 原因一致，[详细分析](./cause_md/kernel/oe_test_io_sched.md)
,oe_test_swap_compress,x86 fail,https://github.com/KotorinMinami/res_list/tree/master/mugen-riscv/logs/kernel/oe_test_swap_compress/2023-05-25-17_11_12.log,测试套问题， x86 和 riscv 原因一致，[详细分析](./cause_md/kernel/oe_test_swap_compress.md)
kmod,oe_test_depmod,x86 fail,https://github.com/KotorinMinami/res_list/tree/master/mugen-riscv/logs/kmod/oe_test_depmod/2023-05-25-17_02_28.log,测试套问题， x86 和 riscv 原因不同，[详细分析](./cause_md/kmod/oe_test_depmod.md)
,oe_test_insmod-lsmod,x86 fail,https://github.com/KotorinMinami/res_list/tree/master/mugen-riscv/logs/kmod/oe_test_insmod-lsmod/2023-05-25-17_03_47.log,测试套问题， x86 和 riscv 原因不同，[详细分析](./cause_md/kmod/oe_test_insmod-lsmod.md)
,oe_test_modinfo,x86 fail,https://github.com/KotorinMinami/res_list/tree/master/mugen-riscv/logs/kmod/oe_test_modinfo/2023-05-25-17_04_39.log,x86 和 riscv 原因不同，[详细分析](./cause_md/kmod/oe_test_modinfo.md)
,oe_test_modprobe,x86 fail,https://github.com/KotorinMinami/res_list/tree/master/mugen-riscv/logs/kmod/oe_test_modprobe/2023-05-25-17_05_03.log,x86 和 riscv 原因不同，[详细分析](./cause_md/kmod/oe_test_modprobe.md)
,oe_test_lvm2_pvcreate_001,x86 fail,https://github.com/KotorinMinami/res_list/tree/master/mugen-riscv/logs/lvm2/oe_test_lvm2_pvcreate_001/2023-06-05-17_54_12.log,x86 和 riscv 原因不同，[详细分析](./cause_md/lvm2/oe_test_lvm2_pvcreate_001.md)
,oe_test_lvm2_pvcreate_002,x86 fail,https://github.com/KotorinMinami/res_list/tree/master/mugen-riscv/logs/lvm2/oe_test_lvm2_pvcreate_002/2023-06-05-17_51_35.log,x86 和 riscv 原因不同，[详细分析](./cause_md/lvm2/oe_test_lvm2_pvcreate_002.md)
,oe_test_lvm2_pvmove_001,x86 fail,https://github.com/KotorinMinami/res_list/tree/master/mugen-riscv/logs/lvm2/oe_test_lvm2_pvmove_001/2023-06-05-17_54_59.log,x86 和 riscv 原因不同，[详细分析](./cause_md/lvm2/oe_test_lvm2_pvmove_001.md)
,oe_test_lvm2_pvmove_002,x86 fail,https://github.com/KotorinMinami/res_list/tree/master/mugen-riscv/logs/lvm2/oe_test_lvm2_pvmove_002/2023-06-05-18_00_10.log,x86 和 riscv 原因不同，[详细分析](./cause_md/lvm2/oe_test_lvm2_pvmove_002.md)
,oe_test_lvm2_pvresize_001,x86 fail,https://github.com/KotorinMinami/res_list/tree/master/mugen-riscv/logs/lvm2/oe_test_lvm2_pvresize_001/2023-06-05-17_53_29.log,x86 和 riscv 原因不同，[详细分析](./cause_md/lvm2/oe_test_lvm2_pvresize_001.md)
,oe_test_service_lvm2-lvmpolld,x86 fail,https://github.com/KotorinMinami/res_list/tree/master/mugen-riscv/logs/lvm2/oe_test_service_lvm2-lvmpolld/2023-06-05-17_43_38.log,x86 和 riscv 原因一致，[详细分析](./cause_md/lvm2/oe_test_service_lvm2-lvmpolld.md)
,oe_test_service_lvm2-monitor,x86 fail,https://github.com/KotorinMinami/res_list/tree/master/mugen-riscv/logs/lvm2/oe_test_service_lvm2-monitor/2023-06-05-17_44_20.log,x86 和 riscv 原因一致，[详细分析](./cause_md/lvm2/oe_test_service_lvm2-monitor.md)
net-tools,oe_test_net-tools_route,x86 fail,https://github.com/KotorinMinami/res_list/tree/master/mugen-riscv/logs/net-tools/oe_test_net-tools_route/2023-07-24-12_58_24.log,测试环境问题， x86 和 riscv 原因一致，需要重测
openssl,oe_test_openssl_DSA_algorithm,x86 fail,https://github.com/KotorinMinami/res_list/tree/master/mugen-riscv/logs/openssl/oe_test_openssl_DSA_algorithm/2023-05-25-18_06_26.log,测试套问题， x86 和 riscv 原因一致，[详细分析](./cause_md/openssl/oe_test_openssl_DSA_algorithm.md)
,oe_test_openssl_Diffie_Hellman,x86 fail,https://github.com/KotorinMinami/res_list/tree/master/mugen-riscv/logs/openssl/oe_test_openssl_Diffie_Hellman/2023-05-25-18_05_42.log,测试套问题， x86 和 riscv 原因一致，[详细分析](./cause_md/openssl/oe_test_openssl_Diffie_Hellman.md)
,oe_test_openssl_Implements_https,x86 fail,https://github.com/KotorinMinami/res_list/tree/master/mugen-riscv/logs/openssl/oe_test_openssl_Implements_https/2023-05-25-18_13_15.log,测试套问题， x86 和 riscv 原因一致，[详细分析](./cause_md/openssl/oe_test_openssl_Implements_https.md)
,oe_test_openssl_RSA_algorithm,x86 fail,https://github.com/KotorinMinami/res_list/tree/master/mugen-riscv/logs/openssl/oe_test_openssl_RSA_algorithm/2023-05-25-18_30_50.log,测试套问题， x86 和 riscv 原因一致，[详细分析](./cause_md/openssl/oe_test_openssl_RSA_algorithm.md)
,oe_test_openssl_create_CA_applying_certificate,x86 fail,https://github.com/KotorinMinami/res_list/tree/master/mugen-riscv/logs/openssl/oe_test_openssl_create_CA_applying_certificate/2023-05-25-18_01_37.log,测试套问题， x86 和 riscv 原因一致，[详细分析](./cause_md/openssl/oe_test_openssl_create_CA_applying_certificate.md)
,oe_test_openssl_delete_configuration_file,x86 fail,https://github.com/KotorinMinami/res_list/tree/master/mugen-riscv/logs/openssl/oe_test_openssl_delete_configuration_file/2023-05-25-18_03_32.log,测试套问题， x86 和 riscv 原因一致，[详细分析](./cause_md/openssl/oe_test_openssl_delete_configuration_file.md)
,oe_test_openssl_empty_private_key,x86 fail,https://github.com/KotorinMinami/res_list/tree/master/mugen-riscv/logs/openssl/oe_test_openssl_empty_private_key/2023-05-25-18_06_55.log,测试套问题， x86 和 riscv 原因一致，[详细分析](./cause_md/openssl/oe_test_openssl_empty_private_key.md)
,oe_test_openssl_empty_public_key,x86 fail,https://github.com/KotorinMinami/res_list/tree/master/mugen-riscv/logs/openssl/oe_test_openssl_empty_public_key/2023-05-25-18_07_23.log,测试套问题， x86 和 riscv 原因一致，[详细分析](./cause_md/openssl/oe_test_openssl_empty_public_key.md)
,oe_test_openssl_encrypt_decrypt_file_asymmetrically,x86 fail,https://github.com/KotorinMinami/res_list/tree/master/mugen-riscv/logs/openssl/oe_test_openssl_encrypt_decrypt_file_asymmetrically/2023-05-25-18_07_52.log,测试套问题， x86 和 riscv 原因一致，[详细分析](./cause_md/openssl/oe_test_openssl_encrypt_decrypt_file_asymmetrically.md)
,oe_test_openssl_encrypte_decrypte_emails,x86 fail,https://github.com/KotorinMinami/res_list/tree/master/mugen-riscv/logs/openssl/oe_test_openssl_encrypte_decrypte_emails/2023-05-25-18_08_18.log,测试套问题， x86 和 riscv 原因一致，[详细分析](./cause_md/openssl/oe_test_openssl_encrypte_decrypte_emails.md)
,oe_test_openssl_expired_certificate,x86 fail,https://github.com/KotorinMinami/res_list/tree/master/mugen-riscv/logs/openssl/oe_test_openssl_expired_certificate/2023-05-25-18_09_01.log,测试套问题， x86 和 riscv 原因一致，[详细分析](./cause_md/openssl/oe_test_openssl_expired_certificate.md)
,oe_test_openssl_file_signature_verification,x86 fail,https://github.com/KotorinMinami/res_list/tree/master/mugen-riscv/logs/openssl/oe_test_openssl_file_signature_verification/2023-05-25-18_11_19.log,测试套问题， x86 和 riscv 原因一致，[详细分析](./cause_md/openssl/oe_test_openssl_file_signature_verification.md)
,oe_test_openssl_generate_key_pair,x86 fail,https://github.com/KotorinMinami/res_list/tree/master/mugen-riscv/logs/openssl/oe_test_openssl_generate_key_pair/2023-05-25-18_12_02.log,测试套问题， x86 和 riscv 原因一致，[详细分析](./cause_md/openssl/oe_test_openssl_generate_key_pair.md)
,oe_test_openssl_generate_password,x86 fail,https://github.com/KotorinMinami/res_list/tree/master/mugen-riscv/logs/openssl/oe_test_openssl_generate_password/2023-05-25-18_12_30.log,测试套问题， x86 和 riscv 原因一致，[详细分析](./cause_md/openssl/oe_test_openssl_generate_password.md)
,oe_test_openssl_incorrect_public_private_key,x86 fail,https://github.com/KotorinMinami/res_list/tree/master/mugen-riscv/logs/openssl/oe_test_openssl_incorrect_public_private_key/2023-05-25-18_15_37.log,测试套问题， x86 和 riscv 原因一致，[详细分析](./cause_md/openssl/oe_test_openssl_incorrect_public_private_key.md)
,oe_test_openssl_rc4_encryption_file,x86 fail,https://github.com/KotorinMinami/res_list/tree/master/mugen-riscv/logs/openssl/oe_test_openssl_rc4_encryption_file/2023-05-25-18_32_45.log,x86 和 riscv 原因一致，[详细分析](./cause_md/openssl/oe_test_openssl_rc4_encryption_file.md)
,oe_test_openssl_reliability,x86 fail,https://github.com/KotorinMinami/res_list/tree/master/mugen-riscv/logs/openssl/oe_test_openssl_reliability/2023-05-25-18_17_52.log,测试套问题， x86 和 riscv 原因一致，[详细分析](./cause_md/openssl/oe_test_openssl_reliability.md)
,oe_test_openssl_remove_mod_ssl,x86 fail,https://github.com/KotorinMinami/res_list/tree/master/mugen-riscv/logs/openssl/oe_test_openssl_remove_mod_ssl/2023-05-25-18_20_08.log,测试套问题， x86 和 riscv 原因一致，[详细分析](./cause_md/openssl/oe_test_openssl_remove_mod_ssl.md)
,oe_test_openssl_repeat_restart,x86 fail,https://github.com/KotorinMinami/res_list/tree/master/mugen-riscv/logs/openssl/oe_test_openssl_repeat_restart/2023-05-25-18_24_17.log,测试套问题， x86 和 riscv 原因一致，[详细分析](./cause_md/openssl/oe_test_openssl_repeat_restart.md)
,oe_test_openssl_speed,x86 fail,https://github.com/KotorinMinami/res_list/tree/master/mugen-riscv/logs/openssl/oe_test_openssl_speed/2023-05-25-18_34_13.log,测试套问题， x86 和 riscv 原因一致，[详细分析](./cause_md/openssl/oe_test_openssl_speed.md)
systemd,oe_test_service_console-getty,x86 fail,https://github.com/KotorinMinami/res_list/tree/master/mugen-riscv/logs/systemd/oe_test_service_console-getty/2023-05-25-20_53_53.log,Failed with result 'start-limit-hit'，先 stop 再 restart 正常
,oe_test_service_dbus-org.freedesktop.import1,x86 fail,https://github.com/KotorinMinami/res_list/tree/master/mugen-riscv/logs/systemd/oe_test_service_dbus-org.freedesktop.import1/2023-05-25-20_55_26.log,没有软件包提供 dbus-org.freedesktop.import1.service
,oe_test_service_dbus-org.freedesktop.portable1,x86 fail,https://github.com/KotorinMinami/res_list/tree/master/mugen-riscv/logs/systemd/oe_test_service_dbus-org.freedesktop.portable1/2023-05-25-21_00_01.log,没有软件包提供 dbus-org.freedesktop.portable1.service
,oe_test_service_initrd-switch-root,x86 fail,https://github.com/KotorinMinami/res_list/tree/master/mugen-riscv/logs/systemd/oe_test_service_initrd-switch-root/2023-05-25-21_03_47.log,测试结果不符合预期
,oe_test_service_quotaon,x86 fail,https://github.com/KotorinMinami/res_list/tree/master/mugen-riscv/logs/systemd/oe_test_service_quotaon/2023-05-25-21_05_38.log,没有软件包提供 quotaon.service
,oe_test_service_systemd-ask-password-wall,x86 fail,https://github.com/KotorinMinami/res_list/tree/master/mugen-riscv/logs/systemd/oe_test_service_systemd-ask-password-wall/2023-05-25-21_09_30.log,restart 测试结果不符合预期
,oe_test_service_systemd-fsck-root,x86 fail,https://github.com/KotorinMinami/res_list/tree/master/mugen-riscv/logs/systemd/oe_test_service_systemd-fsck-root/2023-05-25-21_11_31.log,systemd-fsck-root.service 初始状态不符合预期
,oe_test_service_systemd-importd,x86 fail,https://github.com/KotorinMinami/res_list/tree/master/mugen-riscv/logs/systemd/oe_test_service_systemd-importd/2023-05-25-21_14_07.log,没有软件包提供 systemd-importd.service
,oe_test_service_systemd-initctl,x86 fail,https://github.com/KotorinMinami/res_list/tree/master/mugen-riscv/logs/systemd/oe_test_service_systemd-initctl/2023-05-25-21_15_07.log,restart 正常但是该进程自动退出导致后续检查出错
,oe_test_service_systemd-journal-gatewayd,x86 fail,https://github.com/KotorinMinami/res_list/tree/master/mugen-riscv/logs/systemd/oe_test_service_systemd-journal-gatewayd/2023-05-25-21_17_42.log,待测软件包 systemd-journal-remote 不存在
,oe_test_service_systemd-journal-remote,x86 fail,https://github.com/KotorinMinami/res_list/tree/master/mugen-riscv/logs/systemd/oe_test_service_systemd-journal-remote/2023-05-25-21_19_03.log,待测软件包 systemd-journal-remote 不存在
,oe_test_service_systemd-journal-upload,x86 fail,https://github.com/KotorinMinami/res_list/tree/master/mugen-riscv/logs/systemd/oe_test_service_systemd-journal-upload/2023-05-25-21_20_33.log,待测软件包 systemd-journal-remote 不存在
,oe_test_service_systemd-network-generator,x86 fail,https://github.com/KotorinMinami/res_list/tree/master/mugen-riscv/logs/systemd/oe_test_service_systemd-network-generator/2023-05-25-21_26_35.log,初始状态不符合预期
,oe_test_service_systemd-networkd-wait-online,x86 fail,https://github.com/KotorinMinami/res_list/tree/master/mugen-riscv/logs/systemd/oe_test_service_systemd-networkd-wait-online/2023-05-25-21_25_47.log,没有引入待测软件包 systemd-networkd
,oe_test_service_systemd-networkd,x86 fail,https://github.com/KotorinMinami/res_list/tree/master/mugen-riscv/logs/systemd/oe_test_service_systemd-networkd/2023-05-25-21_25_00.log,没有引入待测软件包 systemd-networkd
,oe_test_service_systemd-portabled,x86 fail,https://github.com/KotorinMinami/res_list/tree/master/mugen-riscv/logs/systemd/oe_test_service_systemd-portabled/2023-05-25-21_27_05.log,没有软件包提供 systemd-portabled.service
,oe_test_service_systemd-quotacheck,x86 fail,https://github.com/KotorinMinami/res_list/tree/master/mugen-riscv/logs/systemd/oe_test_service_systemd-quotacheck/2023-05-25-21_28_24.log,没有软件包提供 systemd-quotacheck
,oe_test_service_systemd-resolved,x86 fail,https://github.com/KotorinMinami/res_list/tree/master/mugen-riscv/logs/systemd/oe_test_service_systemd-resolved/2023-05-25-21_30_35.log,没有引入待测软件包 systemd-resolved
,oe_test_service_systemd-sysext,x86 fail,https://github.com/KotorinMinami/res_list/tree/master/mugen-riscv/logs/systemd/oe_test_service_systemd-sysext/2023-05-25-22_20_13.log,没有软件包提供 systemd-sysext.service
,oe_test_service_systemd-udevd,x86 fail,https://github.com/KotorinMinami/res_list/tree/master/mugen-riscv/logs/systemd/oe_test_service_systemd-udevd/2023-05-25-21_36_49.log,restart 返回 130 但是没有看到错误日志
,oe_test_service_systemd-userdbd,x86 fail,https://github.com/KotorinMinami/res_list/tree/master/mugen-riscv/logs/systemd/oe_test_service_systemd-userdbd/2023-05-25-22_21_02.log,没有软件包提供 systemd-userdbd.service
,oe_test_socket_systemd-journal-gatewayd,x86 fail,https://github.com/KotorinMinami/res_list/tree/master/mugen-riscv/logs/systemd/oe_test_socket_systemd-journal-gatewayd/2023-05-25-21_45_19.log,待测软件包 systemd-journal-remote 不存在
,oe_test_socket_systemd-journal-remote,x86 fail,https://github.com/KotorinMinami/res_list/tree/master/mugen-riscv/logs/systemd/oe_test_socket_systemd-journal-remote/2023-05-25-21_46_40.log,待测软件包 systemd-journal-remote 不存在
,oe_test_socket_systemd-journald-dev-log,x86 fail,https://github.com/KotorinMinami/res_list/tree/master/mugen-riscv/logs/systemd/oe_test_socket_systemd-journald-dev-log/2023-05-25-21_43_55.log,Failed to listen on Journal Socket
,oe_test_socket_systemd-networkd,x86 fail,https://github.com/KotorinMinami/res_list/tree/master/mugen-riscv/logs/systemd/oe_test_socket_systemd-networkd/2023-05-25-21_48_03.log,没有引入待测软件包 systemd-networkd
,oe_test_socket_systemd-rfkill,x86 fail,https://github.com/KotorinMinami/res_list/tree/master/mugen-riscv/logs/systemd/oe_test_socket_systemd-rfkill/2023-05-25-21_48_49.log,没有软件包提供 systemd-rfkill.socket
,oe_test_socket_systemd-userdbd,x86 fail,https://github.com/KotorinMinami/res_list/tree/master/mugen-riscv/logs/systemd/oe_test_socket_systemd-userdbd/2023-05-25-22_21_49.log,没有软件包提供 systemd-userdbd.socket
,oe_test_target_cryptsetup-pre,x86 fail,https://github.com/KotorinMinami/res_list/tree/master/mugen-riscv/logs/systemd/oe_test_target_cryptsetup-pre/2023-05-25-21_52_09.log,没有软件包提供 cryptsetup-pre.target
,oe_test_target_cryptsetup,x86 fail,https://github.com/KotorinMinami/res_list/tree/master/mugen-riscv/logs/systemd/oe_test_target_cryptsetup/2023-05-25-21_52_29.log,没有软件包提供 cryptsetup.target
,oe_test_target_initrd-switch-root,x86 fail,https://github.com/KotorinMinami/res_list/tree/master/mugen-riscv/logs/systemd/oe_test_target_initrd-switch-root/2023-05-25-22_00_18.log,初始状态不符合预期
,oe_test_target_remote-cryptsetup,x86 fail,https://github.com/KotorinMinami/res_list/tree/master/mugen-riscv/logs/systemd/oe_test_target_remote-cryptsetup/2023-05-25-22_06_49.log,没有软件包提供 remote-cryptsetup.target
,oe_test_target_remote-veritysetup,x86 fail,https://github.com/KotorinMinami/res_list/tree/master/mugen-riscv/logs/systemd/oe_test_target_remote-veritysetup/2023-05-25-22_22_51.log,没有软件包提供 remote-veritysetup.target
,oe_test_target_usb-gadget,x86 fail,https://github.com/KotorinMinami/res_list/tree/master/mugen-riscv/logs/systemd/oe_test_target_usb-gadget/2023-05-25-22_23_39.log,没有软件包提供 usb-gadget.target
,oe_test_target_veritysetup-pre,x86 fail,https://github.com/KotorinMinami/res_list/tree/master/mugen-riscv/logs/systemd/oe_test_target_veritysetup-pre/2023-05-25-22_25_11.log,没有软件包提供 veritysetup-pre.target
,oe_test_target_veritysetup,x86 fail,https://github.com/KotorinMinami/res_list/tree/master/mugen-riscv/logs/systemd/oe_test_target_veritysetup/2023-05-25-22_24_25.log,没有软件包提供 veritysetup.target
,oe_test_service_systemd-boot-check-no-failures,x86 fail,https://github.com/KotorinMinami/res_list/tree/master/mugen-riscv/logs/systemd/oe_test_service_systemd-boot-check-no-failures/2023-07-06-17_10_31.log,x86 fail
ipmitool,oe_test_service_bmc-snmp-proxy,x86 fail,https://github.com/KotorinMinami/res_list/tree/master/mugen-riscv/logs/ipmitool/oe_test_service_bmc-snmp-proxy/2023-06-02-14:37:37.log,测试套问题， x86 和 riscv 原因一致，[详细分析](./cause_md/ipmitool/oe_test_service_bmc-snmp-proxy.md)
,oe_test_service_exchange-bmc-os-info,x86 fail,https://github.com/KotorinMinami/res_list/tree/master/mugen-riscv/logs/ipmitool/oe_test_service_exchange-bmc-os-info/2023-06-02-14:39:23.log,测试套问题， x86 和 riscv 原因一致，[详细分析](./cause_md/ipmitool/oe_test_service_exchange-bmc-os-info.md)
,oe_test_service_ipmievd,x86 fail,https://github.com/KotorinMinami/res_list/tree/master/mugen-riscv/logs/ipmitool/oe_test_service_ipmievd/2023-06-02-14:40:55.log,x86 和 riscv 原因基本一致，[详细分析](./cause_md/ipmitool/oe_test_service_ipmievd.md)
iprutils,oe_test_service_iprdump,x86 fail,https://github.com/KotorinMinami/res_list/tree/master/mugen-riscv/logs/iprutils/oe_test_service_iprdump/2023-06-02-17:40:32.log,测试套问题， x86 和 riscv 原因一致，[详细分析](./cause_md/iprutils/oe_test_service_iprdump.md)
,oe_test_service_iprinit,x86 fail,https://github.com/KotorinMinami/res_list/tree/master/mugen-riscv/logs/iprutils/oe_test_service_iprinit/2023-06-02-17:41:13.log,测试套问题， x86 和 riscv 原因一致，[详细分析](./cause_md/iprutils/oe_test_service_iprinit.md)
,oe_test_service_iprupdate,x86 fail,https://github.com/KotorinMinami/res_list/tree/master/mugen-riscv/logs/iprutils/oe_test_service_iprupdate/2023-06-02-17:41:53.log,测试套问题， x86 和 riscv 原因一致，[详细分析](./cause_md/iprutils/oe_test_service_iprupdate.md)
,oe_test_target_iprutils,x86 fail,https://github.com/KotorinMinami/res_list/tree/master/mugen-riscv/logs/iprutils/oe_test_target_iprutils/2023-06-02-17:42:33.log,测试套问题， x86 和 riscv 原因一致，[详细分析](./cause_md/iprutils/oe_test_target_iprutils.md)
ipset,oe_test_service_ipset,x86 fail,https://github.com/KotorinMinami/res_list/tree/master/mugen-riscv/logs/ipset/oe_test_service_ipset/2023-06-02-03:13:50.log,测试套问题， x86 和 riscv 原因一致，[详细分析](./cause_md/ipset/oe_test_service_ipset.md)
iptables,oe_test_service_ip6tables,x86 fail,https://github.com/KotorinMinami/res_list/tree/master/mugen-riscv/logs/iptables/oe_test_service_ip6tables/2023-06-02-03:16:55.log,测试套问题， x86 和 riscv 原因一致，[详细分析](./cause_md/iptables/oe_test_service_ip6tables.md)
,oe_test_service_iptables,x86 fail,https://github.com/KotorinMinami/res_list/tree/master/mugen-riscv/logs/iptables/oe_test_service_iptables/2023-06-02-03:17:48.log,测试套问题， x86 和 riscv 原因一致，[详细分析](./cause_md/iptables/oe_test_service_iptables.md)
,oe_test_iptables-restore,x86 fail,https://github.com/KotorinMinami/res_list/tree/master/mugen-riscv/logs/iptables/oe_test_iptables-restore/2023-06-02-03:18:40.log,测试套问题， x86 和 riscv 原因一致，[详细分析](./cause_md/iptables/oe_test_iptables-restore.md)
,oe_test_ip6tables-save,x86 fail,https://github.com/KotorinMinami/res_list/tree/master/mugen-riscv/logs/iptables/oe_test_ip6tables-save/2023-06-02-03:19:53.log,测试套问题， x86 和 riscv 原因一致，[详细分析](./cause_md/iptables/oe_test_ip6tables-save.md)
,oe_test_ip6tables-restore_01,x86 fail,https://github.com/KotorinMinami/res_list/tree/master/mugen-riscv/logs/iptables/oe_test_ip6tables-restore_01/2023-06-02-03:20:57.log,测试套问题， x86 和 riscv 原因一致，[详细分析](./cause_md/iptables/oe_test_ip6tables-restore_01.md)
ipvsadm,oe_test_ipvs_MOD_01,x86 fail,https://github.com/KotorinMinami/res_list/tree/master/mugen-riscv/logs/ipvsadm/oe_test_ipvs_MOD_01/2023-07-21-01_09_34.log,测试套问题， x86 和 riscv 原因一致，对 NODE2 执行 reboot 后 NODE2 失联，同时导致后续测试的失败
,oe_test_ipvs_SAVE_01,x86 fail,https://github.com/KotorinMinami/res_list/tree/master/mugen-riscv/logs/ipvsadm/oe_test_ipvs_SAVE_01/2023-06-02-03:30:17.log,测试套问题， x86 和 riscv 原因一致，对 NODE2 执行 reboot 后 NODE2 失联
,oe_test_ipvs_SCEN_DR_05,x86 fail,https://github.com/KotorinMinami/res_list/tree/master/mugen-riscv/logs/ipvsadm/oe_test_ipvs_SCEN_DR_05/2023-06-02-03:44:17.log,测试套问题， x86 和 riscv 原因一致，对 NODE2 执行 reboot 后 NODE2 失联
,oe_test_ipvs_SCEN_DR_06,x86 fail,https://github.com/KotorinMinami/res_list/tree/master/mugen-riscv/logs/ipvsadm/oe_test_ipvs_SCEN_DR_06/2023-06-02-03:46:11.log,测试套问题， x86 和 riscv 原因一致，对 NODE2 执行 reboot 后 NODE2 失联
,oe_test_ipvs_SCEN_TUN_05,x86 fail,https://github.com/KotorinMinami/res_list/tree/master/mugen-riscv/logs/ipvsadm/oe_test_ipvs_SCEN_TUN_05/2023-06-02-03:59:53.log,测试套问题， x86 和 riscv 原因一致，对 NODE2 执行 reboot 后 NODE2 失联
,oe_test_ipvs_SCEN_TUN_06,x86 fail,https://github.com/KotorinMinami/res_list/tree/master/mugen-riscv/logs/ipvsadm/oe_test_ipvs_SCEN_TUN_06/2023-06-02-04:01:50.log,测试套问题， x86 和 riscv 原因一致，对 NODE2 执行 reboot 后 NODE2 失联
,oe_test_ipvs_WRONG_COMMAND_01,x86 fail,https://github.com/KotorinMinami/res_list/tree/master/mugen-riscv/logs/ipvsadm/oe_test_ipvs_WRONG_COMMAND_01/2023-06-02-04:07:56.log,测试套问题， x86 和 riscv 原因一致，对 NODE2 执行 reboot 后 NODE2 失联
irqbalance,oe_test_service_irqbalance,x86 fail,https://github.com/KotorinMinami/res_list/tree/master/mugen-riscv/logs/irqbalance/oe_test_service_irqbalance/2023-06-02-04:13:30.log,测试套问题， x86 和 riscv 原因一致，对 NODE2 执行 reboot 后 NODE2 失联
javapackages-tools,oe_test_build-classpath,x86 fail,https://github.com/KotorinMinami/res_list/tree/master/mugen-riscv/logs/javapackages-tools/oe_test_build-classpath/2023-06-02-05:41:10.log,x86 和 riscv 原因不同， riscv 上 mvn 依赖关系不满足， x86 上测试超时
,oe_test_find-shade-jar,x86 fail,https://github.com/KotorinMinami/res_list/tree/master/mugen-riscv/logs/javapackages-tools/oe_test_find-shade-jar/2023-06-02-05:45:34.log,x86 和 riscv 原因不同， riscv 上 mvn 依赖关系不满足， x86 上测试超时
,oe_test_gradle-local,x86 fail,https://github.com/KotorinMinami/res_list/tree/master/mugen-riscv/logs/javapackages-tools/oe_test_gradle-local/2023-06-02-05:48:18.log,x86 和 riscv 原因不同， riscv 上 mvn 依赖关系不满足， x86 上测试超时
keepalived,oe_test_service_keepalived,x86 fail,https://github.com/KotorinMinami/res_list/tree/master/mugen-riscv/logs/keepalived/oe_test_service_keepalived/2023-06-02-07:07:06.log,测试套问题， x86 和 riscv 原因一致 [详细分析](./cause_md/keepalived/oe_test_service_keepalived.md)
kexec-tools,oe_test_service_kdump,x86 fail,https://github.com/KotorinMinami/res_list/tree/master/mugen-riscv/logs/kexec-tools/oe_test_service_kdump/2023-06-02-07:09:39.log,测试套问题， x86 和 riscv 原因不同，[详细分析](./cause_md/kexec-tools/oe_test_service_kdump.md)
keyutils,oe_test_keyutils-api,x86 fail,https://github.com/KotorinMinami/res_list/tree/master/mugen-riscv/logs/keyutils/oe_test_keyutils-api/2023-06-02-07:11:00.log,测试套问题， x86 和 riscv 原因一致，[详细分析](./cause_md/keyutils/oe_test_keyutils-api.md)
libappstream-glib,oe_test_libappstream-glib_appstream-util_03,x86 fail,https://github.com/KotorinMinami/res_list/tree/master/mugen-riscv/logs/libappstream-glib/oe_test_libappstream-glib_appstream-util_03/2023-06-02-08:47:36.log,测试套问题， x86 和 riscv 原因一致，[详细分析](./cause_md/klibappstream-glibeyutils/oe_test_libappstream-glib_appstream-util_03.md)
libosinfo,oe_test_osinfo-detect,x86 fail,https://github.com/KotorinMinami/res_list/tree/master/mugen-riscv/logs/libosinfo/oe_test_osinfo-detect/2023-06-02-09:28:08.log,测试套问题， x86 和 riscv 原因不同，[详细分析](./cause_md/libosinfo/oe_test_osinfo-detect.md)
,oe_test_osinfo-db-import,x86 fail,https://github.com/KotorinMinami/res_list/tree/master/mugen-riscv/logs/libosinfo/oe_test_osinfo-db-import/2023-06-02-09:33:10.log,测试套问题， x86 和 riscv 原因不同，[详细分析](./cause_md/libosinfo/oe_test_osinfo-db-import.md)
libreswan,oe_test_libreswan_ipsec_auto_2,x86 fail,https://github.com/KotorinMinami/res_list/tree/master/mugen-riscv/logs/libreswan/oe_test_libreswan_ipsec_auto_2/2023-07-21-01_25_48.log,x86 和 riscv 原因一致 [详细分析](./cause_md/libreswan/oe_test_libreswan_ipsec_auto_2.md)
,oe_test_libreswan_ipsec_setup,x86 fail,https://github.com/KotorinMinami/res_list/tree/master/mugen-riscv/logs/libreswan/oe_test_libreswan_ipsec_setup/2023-07-21-01_34_12.log,x86 和 riscv 原因一致 [详细分析](./cause_md/libreswan/oe_test_libreswan_ipsec_setup.md)
,oe_test_libreswan_ipsec_showhostkey_nss,x86 fail,https://github.com/KotorinMinami/res_list/tree/master/mugen-riscv/logs/libreswan/oe_test_libreswan_ipsec_showhostkey_nss/2023-07-21-01_36_37.log,x86 和 riscv 原因一致 [详细分析](./cause_md/libreswan/oe_test_libreswan_ipsec_showhostkey_nss.md)
,oe_test_libreswan_ipsec_systemctl,x86 fail,https://github.com/KotorinMinami/res_list/tree/master/mugen-riscv/logs/libreswan/oe_test_libreswan_ipsec_systemctl/2023-07-21-01_40_01.log,x86 和 riscv 原因一致 [详细分析](./cause_md/libreswan/oe_test_libreswan_ipsec_systemctl.md)
,oe_test_service_ipsec,x86 fail,https://github.com/KotorinMinami/res_list/tree/master/mugen-riscv/logs/libreswan/oe_test_service_ipsec/2023-07-21-01_51_09.log,x86 和 riscv 原因一致 [详细分析](./cause_md/libreswan/oe_test_service_ipsec.md)
,oe_test_host_to_host_vpn,x86 fail,https://github.com/KotorinMinami/res_list/tree/master/mugen-riscv/logs/libreswan/oe_test_host_to_host_vpn/2023-07-21-01_54_16.log,x86 和 riscv 原因一致 [详细分析](./cause_md/libreswan/oe_test_host_to_host_vpn.md)
,oe_test_site_to_site_vpn,x86 fail,https://github.com/KotorinMinami/res_list/tree/master/mugen-riscv/logs/libreswan/oe_test_site_to_site_vpn/2023-07-21-02_01_10.log,x86 和 riscv 原因一致 [详细分析](./cause_md/libreswan/oe_test_site_to_site_vpn.md)
lm_sensors,oe_test_service_fancontrol,x86 fail,https://github.com/KotorinMinami/res_list/tree/master/mugen-riscv/logs/lm_sensors/oe_test_service_fancontrol/2023-06-02-13:33:54.log,x86 和 riscv 原因基本一致，[详细分析](./cause_md/lm_sensors/oe_test_service_fancontrol.md)
,oe_test_service_lm_sensors,x86 fail,https://github.com/KotorinMinami/res_list/tree/master/mugen-riscv/logs/lm_sensors/oe_test_service_lm_sensors/2023-06-02-13:35:05.log,x86 和 riscv 原因基本一致，[详细分析](./cause_md/lm_sensors/oe_test_service_lm_sensors.md)
lxc,oe_test_service_lxc-net,x86 fail,https://github.com/KotorinMinami/res_list/tree/master/mugen-riscv/logs/lxc/oe_test_service_lxc-net/2023-06-02-14:43:02.log,x86 和 riscv 原因一致，[详细分析](./cause_md/lxc/oe_test_service_lxc-net.md)
,oe_test_lxc_create_attach,x86 fail,https://github.com/KotorinMinami/res_list/tree/master/mugen-riscv/logs/lxc/oe_test_lxc_create_attach/2023-06-02-14:46:56.log,x86 和 riscv 原因一致，[详细分析](./cause_md/lxc/oe_test_lxc_create_attach.md)
,oe_test_lxc_ls_monitor,x86 fail,https://github.com/KotorinMinami/res_list/tree/master/mugen-riscv/logs/lxc/oe_test_lxc_ls_monitor/2023-06-02-14:48:51.log,x86 和 riscv 原因一致，[详细分析](./cause_md/lxc/oe_test_lxc_ls_monitor.md)
,oe_test_lxc_unfreeze_destroy,x86 fail,https://github.com/KotorinMinami/res_list/tree/master/mugen-riscv/logs/lxc/oe_test_lxc_unfreeze_destroy/2023-06-02-14:50:48.log,x86 和 riscv 原因一致，[详细分析](./cause_md/lxc/oe_test_lxc_unfreeze_destroy.md)
,oe_test_lxc_autostart_cgroup,x86 fail,https://github.com/KotorinMinami/res_list/tree/master/mugen-riscv/logs/lxc/oe_test_lxc_autostart_cgroup/2023-06-02-14:52:46.log,x86 和 riscv 原因一致，[详细分析](./cause_md/lxc/oe_test_lxc_autostart_cgroup.md)
,oe_test_lxc_device_copy,x86 fail,https://github.com/KotorinMinami/res_list/tree/master/mugen-riscv/logs/lxc/oe_test_lxc_device_copy/2023-06-02-14:54:43.log,x86 和 riscv 原因一致，[详细分析](./cause_md/lxc/oe_test_lxc_device_copy.md)
,oe_test_lxc_snapshot_start,x86 fail,https://github.com/KotorinMinami/res_list/tree/master/mugen-riscv/logs/lxc/oe_test_lxc_snapshot_start/2023-06-02-14:56:40.log,x86 和 riscv 原因一致，[详细分析](./cause_md/lxc/oe_test_lxc_snapshot_start.md)
,oe_test_lxc_stop_top,x86 fail,https://github.com/KotorinMinami/res_list/tree/master/mugen-riscv/logs/lxc/oe_test_lxc_stop_top/2023-06-02-15:04:15.log,x86 和 riscv 原因一致，[详细分析](./cause_md/lxc/oe_test_lxc_stop_top.md)
,oe_test_lxc_info,x86 fail,https://github.com/KotorinMinami/res_list/tree/master/mugen-riscv/logs/lxc/oe_test_lxc_info/2023-06-02-15:06:17.log,x86 和 riscv 原因一致，[详细分析](./cause_md/lxc/oe_test_lxc_info.md)
mc,oe_test_mc_base_01,x86 fail,https://github.com/KotorinMinami/res_list/tree/master/mugen-riscv/logs/mc/oe_test_mc_base_01/2023-06-02-15:35:47.log,测试套问题， x86 和 riscv 原因一致， grep 中文字串，[详细分析](./cause_md/mc/oe_test_mc_base_01.md)
,oe_test_mcedit_base_01,x86 fail,https://github.com/KotorinMinami/res_list/tree/master/mugen-riscv/logs/mc/oe_test_mcedit_base_01/2023-06-02-15:37:42.log,测试套问题， x86 和 riscv 原因一致， grep 中文字串
,oe_test_mcview_base_01,x86 fail,https://github.com/KotorinMinami/res_list/tree/master/mugen-riscv/logs/mc/oe_test_mcview_base_01/2023-06-02-15:38:06.log,测试套问题， x86 和 riscv 原因一致， grep 中文字串
mcstrans,oe_test_service_mcstransd,x86 fail,https://github.com/KotorinMinami/res_list/tree/master/mugen-riscv/logs/mcstrans/oe_test_service_mcstransd/2023-06-02-15:39:00.log,x86 和 riscv 原因一致， mcstransd.service 启动失败，[详细分析](./cause_md/mcstrans/oe_test_service_mcstransd.md)
,oe_test_service_mcstrans,x86 fail,https://github.com/KotorinMinami/res_list/tree/master/mugen-riscv/logs/mcstrans/oe_test_service_mcstrans/2023-06-02-15:40:30.log,x86 和 riscv 原因一致， mcstrans.service 启动失败，[详细分析](./cause_md/mcstrans/oe_test_service_mcstrans.md)
mdadm,oe_test_service_mdmonitor,x86 fail,https://github.com/KotorinMinami/res_list/tree/master/mugen-riscv/logs/mdadm/oe_test_service_mdmonitor/2023-06-02-15:42:29.log,x86 和 riscv 原因一致， mdmonitor.service 启动失败，[详细分析](./cause_md/mdadm/oe_test_service_mdmonitor.md)
mtx,oe_test_mtx_loaderinfo,x86 fail,https://github.com/KotorinMinami/res_list/tree/master/mugen-riscv/logs/mtx/oe_test_mtx_loaderinfo/2023-06-02-16:25:20.log,测试套问题， x86 和 riscv 原因基本一致，测试初始化部分失败，[详细分析](./cause_md/mtx/oe_test_mtx_loaderinfo.md)
,oe_test_mtx_tapeinfo,x86 fail,https://github.com/KotorinMinami/res_list/tree/master/mugen-riscv/logs/mtx/oe_test_mtx_tapeinfo/2023-06-02-16:26:44.log,测试套问题， x86 和 riscv 原因基本一致，测试初始化部分失败，[详细分析](./cause_md/mtx/oe_test_mtx_loaderinfo.md)
,oe_test_mtx_mtx,x86 fail,https://github.com/KotorinMinami/res_list/tree/master/mugen-riscv/logs/mtx/oe_test_mtx_mtx/2023-06-02-16:27:59.log,测试套问题， x86 和 riscv 原因基本一致，测试初始化部分失败，[详细分析](./cause_md/mtx/oe_test_mtx_loaderinfo.md)
,oe_test_mtx_scsieject,x86 fail,https://github.com/KotorinMinami/res_list/tree/master/mugen-riscv/logs/mtx/oe_test_mtx_scsieject/2023-06-02-16:29:25.log,测试套问题， x86 和 riscv 原因基本一致，测试初始化部分失败，[详细分析](./cause_md/mtx/oe_test_mtx_loaderinfo.md)
,oe_test_mtx_scsitape,x86 fail,https://github.com/KotorinMinami/res_list/tree/master/mugen-riscv/logs/mtx/oe_test_mtx_scsitape/2023-06-02-16:30:43.log,测试套问题， x86 和 riscv 原因基本一致，测试初始化部分失败，[详细分析](./cause_md/mtx/oe_test_mtx_loaderinfo.md)
mysql,oe_test_service_mysql,x86 fail,https://github.com/KotorinMinami/res_list/tree/master/mugen-riscv/logs/mysql/oe_test_service_mysql/2023-06-02-16:56:14.log,测试套问题， x86 和 riscv 原因一致，没有软件包提供 mysql.service ，[详细分析](./cause_md/mysql/oe_test_service_mysql.md)
rsyslog,oe_test_rsyslog_abnormal_template,x86 fail,https://github.com/KotorinMinami/res_list/tree/master/mugen-riscv/logs/rsyslog/oe_test_rsyslog_abnormal_template/2023-05-22-22:30:13.log,"测试套问题， x86 和 riscv 原因一致，测试需要 2 个节点，但是 rsyslog.json 没有 ""machine num"" 配置"
,oe_test_rsyslog_function_attribute,x86 fail,https://github.com/KotorinMinami/res_list/tree/master/mugen-riscv/logs/rsyslog/oe_test_rsyslog_function_attribute/2023-05-22-22:27:34.log,"测试套问题， x86 和 riscv 原因一致，测试需要 2 个节点，但是 rsyslog.json 没有 ""machine num"" 配置"
,oe_test_rsyslog_function_httpd,x86 fail,https://github.com/KotorinMinami/res_list/tree/master/mugen-riscv/logs/rsyslog/oe_test_rsyslog_function_httpd/2023-05-22-22:43:28.log,"测试套问题， x86 和 riscv 原因一致，测试需要 2 个节点，但是 rsyslog.json 没有 ""machine num"" 配置"
,oe_test_rsyslog_function_relp,x86 fail,https://github.com/KotorinMinami/res_list/tree/master/mugen-riscv/logs/rsyslog/oe_test_rsyslog_function_relp/2023-05-22-22:28:36.log,"测试套问题， x86 和 riscv 原因一致，测试需要 2 个节点，但是 rsyslog.json 没有 ""machine num"" 配置"
,oe_test_rsyslog_function_tcp,x86 fail,https://github.com/KotorinMinami/res_list/tree/master/mugen-riscv/logs/rsyslog/oe_test_rsyslog_function_tcp/2023-05-22-22:35:31.log,"测试套问题， x86 和 riscv 原因一致，测试需要 2 个节点，但是 rsyslog.json 没有 ""machine num"" 配置"
,oe_test_rsyslog_function_tcp_firewall,x86 fail,https://github.com/KotorinMinami/res_list/tree/master/mugen-riscv/logs/rsyslog/oe_test_rsyslog_function_tcp_firewall/2023-05-22-22:46:20.log,"测试套问题， x86 和 riscv 原因一致，测试需要 2 个节点，但是 rsyslog.json 没有 ""machine num"" 配置"
,oe_test_rsyslog_function_udp,x86 fail,https://github.com/KotorinMinami/res_list/tree/master/mugen-riscv/logs/rsyslog/oe_test_rsyslog_function_udp/2023-05-22-22:41:40.log,"测试套问题， x86 和 riscv 原因一致，测试需要 2 个节点，但是 rsyslog.json 没有 ""machine num"" 配置"
,oe_test_rsyslog_reliability_lenght,x86 fail,https://github.com/KotorinMinami/res_list/tree/master/mugen-riscv/logs/rsyslog/oe_test_rsyslog_reliability_lenght/2023-05-22-22:38:41.log,"测试套问题， x86 和 riscv 原因一致，测试需要 2 个节点，但是 rsyslog.json 没有 ""machine num"" 配置"
,oe_test_rsyslog_reliability_network,x86 fail,https://github.com/KotorinMinami/res_list/tree/master/mugen-riscv/logs/rsyslog/oe_test_rsyslog_reliability_network/2023-05-22-22:47:22.log,"测试套问题， x86 和 riscv 原因一致，测试需要 2 个节点，但是 rsyslog.json 没有 ""machine num"" 配置"
,oe_test_rsyslog_reliability_tcp,x86 fail,https://github.com/KotorinMinami/res_list/tree/master/mugen-riscv/logs/rsyslog/oe_test_rsyslog_reliability_tcp/2023-05-22-22:36:59.log,"测试套问题， x86 和 riscv 原因一致，测试需要 2 个节点，但是 rsyslog.json 没有 ""machine num"" 配置"
