os-basic,oe_test_aureport,fail,https://github.com/KotorinMinami/res_list/tree/master/mugen-riscv/logs/os-basic/oe_test_aureport/2023-07-12-12_40_44.log,镜像没有预装测试所需的 audit 软件包
,oe_test_awk,fail,https://github.com/KotorinMinami/res_list/tree/master/mugen-riscv/logs/os-basic/oe_test_awk/2023-04-28-03:34:31.log,测试套问题，检查 cpuid 在 qemu riscv 失败
,oe_test_c++,fail,https://github.com/KotorinMinami/res_list/tree/master/mugen-riscv/logs/os-basic/oe_test_c++/2023-04-28-03:32:15.log,镜像没有预装测试所需的 kernel-headers
,oe_test_chsh,fail,https://github.com/KotorinMinami/res_list/tree/master/mugen-riscv/logs/os-basic/oe_test_chsh/2023-04-28-10:56:22.log,测试套问题，脚本需要测试环境默认语言为中文，且依赖 zsh
,oe_test_disk_io_sched,fail,https://github.com/KotorinMinami/res_list/tree/master/mugen-riscv/logs/os-basic/oe_test_disk_io_sched/2023-04-28-10:24:32.log,bfq scheduler Invalid argument
,oe_test_disk_schedule_specific,fail,https://github.com/KotorinMinami/res_list/tree/master/mugen-riscv/logs/os-basic/oe_test_disk_schedule_specific/2023-04-28-08:31:35.log,bfq scheduler Invalid argument
,oe_test_disk_schedule_udev,fail,https://github.com/KotorinMinami/res_list/tree/master/mugen-riscv/logs/os-basic/oe_test_disk_schedule_udev/2023-04-28-08:32:02.log,测试套问题， config_params 函数获取 wwid 失败
,oe_test_ethtool,fail,https://github.com/KotorinMinami/res_list/tree/master/mugen-riscv/logs/os-basic/oe_test_ethtool/2023-04-28-08:42:35.log,镜像没有预装测试所需的 ethtool
,oe_test_fuse,fail,https://github.com/KotorinMinami/res_list/tree/master/mugen-riscv/logs/os-basic/oe_test_fuse/2023-04-28-03:35:43.log,缺失内核模块 fuse ， nknown filesystem type 'fusectl'
,oe_test_gmp,fail,https://github.com/KotorinMinami/res_list/tree/master/mugen-riscv/logs/os-basic/oe_test_gmp/2023-04-28-10:18:16.log,镜像没有预装测试所需的 kernel-headers
,oe_test_kernel_kdump,fail,https://github.com/KotorinMinami/res_list/tree/master/mugen-riscv/logs/os-basic/oe_test_kernel_kdump/2023-04-28-09:16:35.log,镜像没有预装 kexec-tools，也没有使用 grub 作为引导加载程序
,oe_test_kernel_module_operation,fail,https://github.com/KotorinMinami/res_list/tree/master/mugen-riscv/logs/os-basic/oe_test_kernel_module_operation/2023-04-28-09:51:53.log,内核模块缺失 raid0
,oe_test_lastb,fail,https://github.com/KotorinMinami/res_list/tree/master/mugen-riscv/logs/os-basic/oe_test_lastb/2023-04-28-10:25:56.log,测试套问题，脚本需要测试环境默认语言为中文
,oe_test_libffi,fail,https://github.com/KotorinMinami/res_list/tree/master/mugen-riscv/logs/os-basic/oe_test_libffi/2023-04-28-10:19:24.log,镜像没有预装测试所需的 kernel-headers
,oe_test_net_VRF,fail,https://github.com/KotorinMinami/res_list/tree/master/mugen-riscv/logs/os-basic/oe_test_net_VRF/2023-04-28-09:56:52.log,缺失内核模块 vrf ，导致 Unknown device type vrf
,oe_test_nmcli_set_bond,fail,https://github.com/KotorinMinami/res_list/tree/master/mugen-riscv/logs/os-basic/oe_test_nmcli_set_bond/2023-04-28-10:04:10.log,nmcli 成功添加 bond 设备后无法用 nmcli device 命令查到也无法用 nmcli up 命令激活， Error: Connection activation failed: bond0 failed to create resources: Failed to create bond interface 'bond0' for 'bond0': Operation not supported
,oe_test_nmcli_set_team,fail,https://github.com/KotorinMinami/res_list/tree/master/mugen-riscv/logs/os-basic/oe_test_nmcli_set_team/2023-04-28-10:06:10.log,nmcli 成功添加 team 设备后无法用 nmcli device 命令查到也无法用 nmcli up 命令激活， Error: Connection activation failed: team0 failed to create resources: Failed to create team master interface 'team0' for 'team0': Operation not supported
,oe_test_power_measurement_internal,fail,https://github.com/KotorinMinami/res_list/tree/master/mugen-riscv/logs/os-basic/oe_test_power_measurement_internal/2023-07-12-12_21_41.log,受 qemu 运行速度影响，更改 SLEEP_WAIT 参数，手动重测通过
,oe_test_system_log_dmesg,fail,https://github.com/KotorinMinami/res_list/tree/master/mugen-riscv/logs/os-basic/oe_test_system_log_dmesg/2023-04-28-04:12:53.log,"测试套问题， dmesg | grep -iE ""Booting Linux on physical CPU|smpboot"" 不适合 qemu riscv"
,oe_test_system_log_view,fail,https://github.com/KotorinMinami/res_list/tree/master/mugen-riscv/logs/os-basic/oe_test_system_log_view/2023-04-28-04:11:47.log,文件 /var/log/messages 不存在
,oe_test_system_monitor_share_total,fail,https://github.com/KotorinMinami/res_list/tree/master/mugen-riscv/logs/os-basic/oe_test_system_monitor_share_total/2023-04-28-10:05:14.log,测试镜像环境不支持 bfq scheduler
,oe_test_xmlsec,fail,https://github.com/KotorinMinami/res_list/tree/master/mugen-riscv/logs/os-basic/oe_test_xmlsec/2023-04-28-10:22:18.log,镜像没有预装测试所需的 kernel-headers
,oe_test_xzcmp,fail,https://github.com/KotorinMinami/res_list/tree/master/mugen-riscv/logs/os-basic/oe_test_xzcmp/2023-04-28-11:10:16.log,测试套问题，脚本需要测试环境默认语言为中文
,oe_test_zlib,fail,https://github.com/KotorinMinami/res_list/tree/master/mugen-riscv/logs/os-basic/oe_test_zlib/2023-04-28-10:10:25.log,镜像没有预装测试所需的 kernel-headers
NetworkManager,oe_test_libnetfilter_conntrack,fail,https://github.com/KotorinMinami/res_list/tree/master/mugen-riscv/logs/NetworkManager/oe_test_libnetfilter_conntrack/2023-05-25-16_27_41.log,镜像没有预装测试所需的 kernel-headers
OpenIPMI,oe_test_service_ipmi,fail,https://github.com/KotorinMinami/res_list/tree/master/mugen-riscv/logs/OpenIPMI/oe_test_service_ipmi/2023-05-25-21_21_10.log,内核模块缺失 ipmi_devintf
acl,oe_test_acl_default_kernel_setting,fail,https://github.com/KotorinMinami/res_list/tree/master/mugen-riscv/logs/acl/oe_test_acl_default_kernel_setting/2023-05-25-16_29_46.log,未打开 CONFIG_XFS_POSIX_ACL=y
arptables,oe_test_service_arptables,fail,https://github.com/KotorinMinami/res_list/tree/master/mugen-riscv/logs/arptables/oe_test_service_arptables/2023-05-25-21_46_57.log,内核模块缺失 arp_tables
cachefilesd,oe_test_service_cachefilesd,fail,https://github.com/KotorinMinami/res_list/tree/master/mugen-riscv/logs/cachefilesd/oe_test_service_cachefilesd/2023-05-25-13:58:05.log,/dev/cachefiles 文件不存在导致 cachefilesd.service 启动失败
chrony,oe_test_service_chronyd,fail,https://github.com/KotorinMinami/res_list/tree/master/mugen-riscv/logs/chrony/oe_test_service_chronyd/2023-05-25-14:08:06.log,镜像没有预装待测软件包 chrony
cryptsetup,oe_test_encrypt_data,fail,https://github.com/KotorinMinami/res_list/tree/master/mugen-riscv/logs/cryptsetup/oe_test_encrypt_data/2023-05-31-17:02:28.log,待测软件包 cryptsetup-reencrypt 不存在
,oe_test_luks_encrypted,fail,https://github.com/KotorinMinami/res_list/tree/master/mugen-riscv/logs/cryptsetup/oe_test_luks_encrypted/2023-05-31-17:04:33.log,待测软件包 cryptsetup-reencrypt 不存在
,oe_test_use_luks,fail,https://github.com/KotorinMinami/res_list/tree/master/mugen-riscv/logs/cryptsetup/oe_test_use_luks/2023-05-31-17:07:04.log,待测软件包 cryptsetup-reencrypt 不存在
dhcp,oe_test_service_dhcrelay,fail,https://github.com/KotorinMinami/res_list/tree/master/mugen-riscv/logs/dhcp/oe_test_service_dhcrelay/2023-05-25-21:40:24.log,镜像没有预装待测软件包 dhcp ，导致待测 dhcrelay.service 不存在
dnf,oe_test_dnf_all-repos,fail,https://github.com/KotorinMinami/res_list/tree/master/mugen-riscv/logs/dnf/oe_test_dnf_all-repos/2023-05-25-16_43_17.log,oerv 和 x86 的软件源结构不同
,oe_test_dnf_enhancement_exclude,fail,https://github.com/KotorinMinami/res_list/tree/master/mugen-riscv/logs/dnf/oe_test_dnf_enhancement_exclude/2023-05-25-17_11_41.log,oerv 和 x86 的软件源结构不同
,oe_test_dnf_makecache_clean,fail,https://github.com/KotorinMinami/res_list/tree/master/mugen-riscv/logs/dnf/oe_test_dnf_makecache_clean/2023-05-25-16_56_12.log,oerv 和 x86 的软件源结构不同
,oe_test_dnf_nobest_nodocs_nogpgcheck,fail,https://github.com/KotorinMinami/res_list/tree/master/mugen-riscv/logs/dnf/oe_test_dnf_nobest_nodocs_nogpgcheck/2023-05-25-17_16_55.log,oerv 和 x86 的软件源结构不同
,oe_test_dnf_priority,fail,https://github.com/KotorinMinami/res_list/tree/master/mugen-riscv/logs/dnf/oe_test_dnf_priority/2023-05-25-17_18_28.log,oerv 和 x86 的软件源结构不同
,oe_test_dnf_provides_randomwait,fail,https://github.com/KotorinMinami/res_list/tree/master/mugen-riscv/logs/dnf/oe_test_dnf_provides_randomwait/2023-05-25-17_19_15.log,oerv 和 x86 的软件源结构不同
,oe_test_dnf_repeat-install,fail,https://github.com/KotorinMinami/res_list/tree/master/mugen-riscv/logs/dnf/oe_test_dnf_repeat-install/2023-05-25-17_23_20.log,oerv 和 x86 的软件源结构不同
dracut,oe_test_service_dracut-shutdown,fail,https://github.com/KotorinMinami/res_list/tree/master/mugen-riscv/logs/dracut/oe_test_service_dracut-shutdown/2023-05-26-00:26:32.log,镜像没有预装待测软件包 dracut ，导致待测 dracut-shutdown.service 不存在
fcoe-utils,oe_test_service_fcoe,fail,https://github.com/KotorinMinami/res_list/tree/master/mugen-riscv/logs/fcoe-utils/oe_test_service_fcoe/2023-05-26-14:16:43.log,Job for fcoe.service failed because the control process exited with error code.
freeradius,oe_test_freeradius_freeradius-utils_rad_counter,success,https://github.com/KotorinMinami/res_list/tree/master/mugen-riscv/logs/freeradius/oe_test_freeradius_freeradius-utils_rad_counter/2023-05-26-17:57:11.log,None
,oe_test_freeradius_freeradius-utils_radclient,success,https://github.com/KotorinMinami/res_list/tree/master/mugen-riscv/logs/freeradius/oe_test_freeradius_freeradius-utils_radclient/2023-05-26-17:33:18.log,None
,oe_test_freeradius_freeradius-utils_radclient2,fail,https://github.com/KotorinMinami/res_list/tree/master/mugen-riscv/logs/freeradius/oe_test_freeradius_freeradius-utils_radclient2/2023-05-31-05:56:50.log,radiusd.service 启动出错
,oe_test_freeradius_freeradius-utils_radeapclient,fail,https://github.com/KotorinMinami/res_list/tree/master/mugen-riscv/logs/freeradius/oe_test_freeradius_freeradius-utils_radeapclient/2023-05-31-06:13:24.log,radiusd.service 启动出错
,oe_test_freeradius_freeradius-utils_radwho,success,https://github.com/KotorinMinami/res_list/tree/master/mugen-riscv/logs/freeradius/oe_test_freeradius_freeradius-utils_radwho/2023-07-14-17_24_38.log,手动重测通过
,oe_test_freeradius_freeradius-utils_radzap,fail,https://github.com/KotorinMinami/res_list/tree/master/mugen-riscv/logs/freeradius/oe_test_freeradius_freeradius-utils_radzap/2023-05-31-07:38:14.log,radiusd.service 启动出错
,oe_test_freeradius_freeradius-utils_rlm_ippool_toolAndSmbencrypt,fail,https://github.com/KotorinMinami/res_list/tree/master/mugen-riscv/logs/freeradius/oe_test_freeradius_freeradius-utils_rlm_ippool_toolAndSmbencrypt/2023-05-31-07:40:22.log,radiusd.service 启动出错
,oe_test_freeradius_freeradius_raddebugAndCheckrad,fail,https://github.com/KotorinMinami/res_list/tree/master/mugen-riscv/logs/freeradius/oe_test_freeradius_freeradius_raddebugAndCheckrad/2023-05-31-04:52:15.log,radiusd.service 启动出错
,oe_test_freeradius_freeradius_radiusd,fail,https://github.com/KotorinMinami/res_list/tree/master/mugen-riscv/logs/freeradius/oe_test_freeradius_freeradius_radiusd/2023-05-31-05:22:38.log,配置文件 /etc/raddb 不存在
,oe_test_freeradius_freeradius_radiusdAndRadmin,fail,https://github.com/KotorinMinami/res_list/tree/master/mugen-riscv/logs/freeradius/oe_test_freeradius_freeradius_radiusdAndRadmin/2023-05-31-05:24:38.log,radiusd.service 启动出错
,oe_test_service_radiusd,fail,https://github.com/KotorinMinami/res_list/tree/master/mugen-riscv/logs/freeradius/oe_test_service_radiusd/2023-05-31-07:41:40.log,radiusd.service 启动出错
gdm,oe_test_service_gdm,fail,https://github.com/KotorinMinami/res_list/tree/master/mugen-riscv/logs/gdm/oe_test_service_gdm/2023-05-26-20:01:27.log,下载超时
glib2,oe_test_glib2,fail,https://github.com/KotorinMinami/res_list/tree/master/mugen-riscv/logs/glib2/oe_test_glib2/2023-05-25-16_48_06.log,镜像没有预装测试所需的 kernel-headers
graphviz,oe_test_graphviz,success,https://github.com/KotorinMinami/res_list/tree/master/mugen-riscv/logs/graphviz/oe_test_graphviz/2023-07-14-17_40_17.log,None
initscripts,oe_test_service_import-state,fail,https://github.com/KotorinMinami/res_list/tree/master/mugen-riscv/logs/initscripts/oe_test_service_import-state/2023-05-27-01:00:01.log,镜像没有预装测试所需的 initscripts 软件包，导致待测 import-state.service 不存在
,oe_test_service_loadmodules,fail,https://github.com/KotorinMinami/res_list/tree/master/mugen-riscv/logs/initscripts/oe_test_service_loadmodules/2023-05-27-01:01:03.log,镜像没有预装测试所需的 initscripts 软件包，导致待测 loadmodules.service 不存在
kernel,oe_test_hqlogic,fail,https://github.com/KotorinMinami/res_list/tree/master/mugen-riscv/logs/kernel/oe_test_hqlogic/2023-05-25-17_09_19.log,内核模块缺失 qla2xxx
,oe_test_ipip,fail,https://github.com/KotorinMinami/res_list/tree/master/mugen-riscv/logs/kernel/oe_test_ipip/2023-05-25-17_07_08.log,内核模块缺失 ipip
,oe_test_kernel_cmd_01,fail,https://github.com/KotorinMinami/res_list/tree/master/mugen-riscv/logs/kernel/oe_test_kernel_cmd_01/2023-05-25-17_00_23.log,测试使用 hostnamectl | grep Virtualization 判断是否为虚拟机，而 qemu-system-riscv64 不适用这个方法
,oe_test_lpfc,fail,https://github.com/KotorinMinami/res_list/tree/master/mugen-riscv/logs/kernel/oe_test_lpfc/2023-05-25-17_11_35.log,内核模块缺失 lpfc
,oe_test_qxl,fail,https://github.com/KotorinMinami/res_list/tree/master/mugen-riscv/logs/kernel/oe_test_qxl/2023-05-25-17_10_14.log,内核模块缺失 qxl
,oe_test_service_cpupower,fail,https://github.com/KotorinMinami/res_list/tree/master/mugen-riscv/logs/kernel/oe_test_service_cpupower/2023-05-25-17_06_08.log,测试使用 hostnamectl | grep Virtualization 判断是否为虚拟机，而 qemu-system-riscv64 不适用这个方法
,oe_test_snd_aloop,fail,https://github.com/KotorinMinami/res_list/tree/master/mugen-riscv/logs/kernel/oe_test_snd_aloop/2023-05-25-17_08_23.log,内核模块缺失 snd-aloop
,oe_test_softdog,fail,https://github.com/KotorinMinami/res_list/tree/master/mugen-riscv/logs/kernel/oe_test_softdog/2023-05-25-17_12_40.log,内核模块缺失 softdog
,oe_test_vport-geneve,fail,https://github.com/KotorinMinami/res_list/tree/master/mugen-riscv/logs/kernel/oe_test_vport-geneve/2023-05-25-17_10_48.log,内核模块缺失 vport-geneve
,oe_test_wangxun,fail,https://github.com/KotorinMinami/res_list/tree/master/mugen-riscv/logs/kernel/oe_test_wangxun/2023-05-25-17_13_55.log,内核模块缺失 ngbe.ko txgbe.ko
,oe_test_xfs,fail,https://github.com/KotorinMinami/res_list/tree/master/mugen-riscv/logs/kernel/oe_test_xfs/2023-05-25-17_13_30.log,内核模块缺失 xfs
kmod,oe_test_rmmod,fail,https://github.com/KotorinMinami/res_list/tree/master/mugen-riscv/logs/kmod/oe_test_rmmod/2023-05-25-17_05_55.log,内核模块缺失 dm_log dm_mirror dm_region_hash
,oe_test_weak-modules,fail,https://github.com/KotorinMinami/res_list/tree/master/mugen-riscv/logs/kmod/oe_test_weak-modules/2023-05-25-17_06_19.log,镜像没有预装测试所需的 dracut （引入后 Unable to decompress /boot/initramfs-6.1.8-3.oe2303.riscv64.img: Unknown format）
libarchive,oe_test_libarchive_bsdcpio,success,https://github.com/KotorinMinami/res_list/tree/master/mugen-riscv/logs/libarchive/oe_test_libarchive_bsdcpio/2023-06-02-09_35_39.log,None
lvm2,oe_test_service_lvmlockd,fail,https://github.com/KotorinMinami/res_list/tree/master/mugen-riscv/logs/lvm2/oe_test_service_lvmlockd/2023-05-25-17_30_48.log,oerv 缺失软件包 lvm2-locked
,oe_test_service_lvmlocks,fail,https://github.com/KotorinMinami/res_list/tree/master/mugen-riscv/logs/lvm2/oe_test_service_lvmlocks/2023-05-25-17_32_35.log,oerv 缺失软件包 lvm2-locked
systemd,oe_test_socket_syslog,fail,https://github.com/KotorinMinami/res_list/tree/master/mugen-riscv/logs/systemd/oe_test_socket_syslog/2023-05-25-21_41_08.log,镜像没有预装测试所需的 rsyslog
ipset,oe_test_service_ipset_02,fail,https://github.com/KotorinMinami/res_list/tree/master/mugen-riscv/logs/ipset/oe_test_service_ipset_02/2023-06-02-03:14:42.log,内核没有 ipset 支持，可以用 zcat /proc/config.gz | grep IPSET 无输出验证
,oe_test_ipset_01,fail,https://github.com/KotorinMinami/res_list/tree/master/mugen-riscv/logs/ipset/oe_test_ipset_01/2023-06-02-03:15:50.log,内核没有 ipset 支持，可以用 zcat /proc/config.gz | grep IPSET 无输出验证
java-1.8.0-openjdk,oe_test_openjdk_jdb_jdeps,fail,https://github.com/KotorinMinami/res_list/tree/master/mugen-riscv/logs/java-1.8.0-openjdk/oe_test_openjdk_jdb_jdeps/2023-06-02-04:51:28.log,file missing
javapackages-tools,oe_test_binary_files_operation,fail,https://github.com/KotorinMinami/res_list/tree/master/mugen-riscv/logs/javapackages-tools/oe_test_binary_files_operation/2023-06-02-05:38:07.log,log4j 依赖关系不满足
,oe_test_build-jar-repository,fail,https://github.com/KotorinMinami/res_list/tree/master/mugen-riscv/logs/javapackages-tools/oe_test_build-jar-repository/2023-06-02-05:43:17.log,log4j 依赖关系不满足
lksctp-tools,oe_test_lksctp-tools_checksctp,fail,https://github.com/KotorinMinami/res_list/tree/master/mugen-riscv/logs/lksctp-tools/oe_test_lksctp-tools_checksctp/2023-06-02-12:54:34.log,内核模块缺失  sctp ，内核配置缺失 CONFIG_IP_SCTP ，导致 checksctp: Protocol not supported
,oe_test_lksctp-tools_sctp_darn_02,fail,https://github.com/KotorinMinami/res_list/tree/master/mugen-riscv/logs/lksctp-tools/oe_test_lksctp-tools_sctp_darn_02/2023-06-02-13:25:57.log,内核模块缺失  sctp ，导致 sctp_darn: failed to create socket:  Socket type not supported.
,oe_test_lksctp-tools_sctp_status,fail,https://github.com/KotorinMinami/res_list/tree/master/mugen-riscv/logs/lksctp-tools/oe_test_lksctp-tools_sctp_status/2023-06-02-13:26:57.log,内核模块缺失  sctp ，导致 sctp_darn: failed to create socket:  Socket type not supported.
,oe_test_lksctp-tools_sctp_test,fail,https://github.com/KotorinMinami/res_list/tree/master/mugen-riscv/logs/lksctp-tools/oe_test_lksctp-tools_sctp_test/2023-06-02-13:28:11.log,"内核模块缺失  sctp ，导致 socket(SOCK_SEQPACKET, IPPROTO_SCTP) 函数调用失败 socket: failed to create socket:  Socket type not supported"
,oe_test_lksctp-tools_sctp_darn_01,fail,https://github.com/KotorinMinami/res_list/tree/master/mugen-riscv/logs/lksctp-tools/oe_test_lksctp-tools_sctp_darn_01/2023-06-02-12:55:49.log,内核模块缺失  sctp ，导致 sctp_darn: failed to create socket:  Socket type not supported.
lldpad,oe_test_service_lldpad,fail,https://github.com/KotorinMinami/res_list/tree/master/mugen-riscv/logs/lldpad/oe_test_service_lldpad/2023-06-02-13:30:03.log,lldpad.service 启动出现错误 setsockopt nearest_bridge: Invalid argument
multipath-tools,oe_test_multipath-tools_kpartx,fail,https://github.com/KotorinMinami/res_list/tree/master/mugen-riscv/logs/multipath-tools/oe_test_multipath-tools_kpartx/2023-07-12-13_12_13.log,内核模块缺失 dm_multipath
,oe_test_multipath-tools_mpathconf,fail,https://github.com/KotorinMinami/res_list/tree/master/mugen-riscv/logs/multipath-tools/oe_test_multipath-tools_mpathconf/2023-07-12-13_16_30.log,内核模块缺失 dm_multipath
,oe_test_multipath-tools_mpathpersist,fail,https://github.com/KotorinMinami/res_list/tree/master/mugen-riscv/logs/multipath-tools/oe_test_multipath-tools_mpathpersist/2023-07-12-13_18_30.log,内核模块缺失 dm_multipath
,oe_test_multipath-tools_multipath_01,fail,https://github.com/KotorinMinami/res_list/tree/master/mugen-riscv/logs/multipath-tools/oe_test_multipath-tools_multipath_01/2023-07-12-13_22_20.log,内核模块缺失 dm_multipath
,oe_test_multipath-tools_multipath_02,fail,https://github.com/KotorinMinami/res_list/tree/master/mugen-riscv/logs/multipath-tools/oe_test_multipath-tools_multipath_02/2023-07-12-13_26_29.log,内核模块缺失 dm_multipath
,oe_test_service_multipathd,fail,https://github.com/KotorinMinami/res_list/tree/master/mugen-riscv/logs/multipath-tools/oe_test_service_multipathd/2023-07-12-13_30_26.log,内核模块缺失 dm_multipath ， multipathd[3663]: DM multipath kernel driver not loaded
FS_Directory,oe_test_FSIO_dir_access_etc,fail,https://github.com/KotorinMinami/res_list/tree/master/mugen-riscv/logs/FS_Directory/oe_test_FSIO_dir_access_etc/2023-04-28-21:47:20.log,/etc文件夹内容与x86不符合
,oe_test_FSIO_dir_access_proc,fail,https://github.com/KotorinMinami/res_list/tree/master/mugen-riscv/logs/FS_Directory/oe_test_FSIO_dir_access_proc/2023-04-28-21:49:26.log,/proc/cpuinfo中正常显示cpu信息但无'CPU'关键字
,oe_test_FSIO_dir_access_var,fail,https://github.com/KotorinMinami/res_list/tree/master/mugen-riscv/logs/FS_Directory/oe_test_FSIO_dir_access_var/2023-04-28-21:52:08.log,/var文件夹内容与x86不符合
numad,oe_test_service_numad,fail,https://github.com/KotorinMinami/res_list/tree/master/mugen-riscv/logs/numad/oe_test_service_numad/2023-04-26-12:11:17.log,systemd启动失败，原因未知
open-iscsi,oe_test_service_iscsid,fail,https://github.com/KotorinMinami/res_list/tree/master/mugen-riscv/logs/open-iscsi/oe_test_service_iscsid/2023-04-26-12:21:15.log,iscsid.service 启动出现错误 iscsid: can not create NETLINK_ISCSI socket [Protocol not supported]
openvswitch,oe_test_service_openvswitch,fail,https://github.com/KotorinMinami/res_list/tree/master/mugen-riscv/logs/openvswitch/oe_test_service_openvswitch/2023-04-26-14:26:52.log,测试套问题，测试套使用 service 命令进行测试，而该命令在镜像中不存在 service: command not found
,oe_test_service_ovs-vswitchd,fail,https://github.com/KotorinMinami/res_list/tree/master/mugen-riscv/logs/openvswitch/oe_test_service_ovs-vswitchd/2023-04-26-14:34:14.log,测试套问题，测试套使用 service 命令进行测试，而该命令在镜像中不存在 service: command not found
,oe_test_service_ovsdb-server,fail,https://github.com/KotorinMinami/res_list/tree/master/mugen-riscv/logs/openvswitch/oe_test_service_ovsdb-server/2023-04-26-14:30:45.log,测试套问题，测试套使用 service 命令进行测试，而该命令在镜像中不存在 service: command not found
os-storage,oe_test_storage_Mutipath_configure_blacklist,fail,https://github.com/KotorinMinami/res_list/tree/master/mugen-riscv/logs/os-storage/oe_test_storage_Mutipath_configure_blacklist/2023-04-28-07:19:57.log,内核模块缺失 dm_multipath
,oe_test_storage_Mutipath_configure_defaults,fail,https://github.com/KotorinMinami/res_list/tree/master/mugen-riscv/logs/os-storage/oe_test_storage_Mutipath_configure_defaults/2023-04-28-07:16:45.log,内核模块缺失 dm_multipath
,oe_test_storage_Mutipath_configure_device,fail,https://github.com/KotorinMinami/res_list/tree/master/mugen-riscv/logs/os-storage/oe_test_storage_Mutipath_configure_device/2023-04-28-06:54:06.log,内核模块缺失 dm_multipath
,oe_test_storage_Mutipath_configure_section,fail,https://github.com/KotorinMinami/res_list/tree/master/mugen-riscv/logs/os-storage/oe_test_storage_Mutipath_configure_section/2023-04-28-07:09:02.log,内核模块缺失 dm_multipath
,oe_test_storage_Mutipath_mpathconf,fail,https://github.com/KotorinMinami/res_list/tree/master/mugen-riscv/logs/os-storage/oe_test_storage_Mutipath_mpathconf/2023-04-28-06:33:46.log,内核模块缺失 dm_multipath
,oe_test_storage_Mutipath_various_fields,fail,https://github.com/KotorinMinami/res_list/tree/master/mugen-riscv/logs/os-storage/oe_test_storage_Mutipath_various_fields/2023-04-28-07:03:35.log,内核模块缺失 dm_multipath
,oe_test_storage_Mutipath_view_info,fail,https://github.com/KotorinMinami/res_list/tree/master/mugen-riscv/logs/os-storage/oe_test_storage_Mutipath_view_info/2023-04-28-06:55:09.log,内核模块缺失 dm_multipath
,oe_test_storage_ext3_mount_write,fail,https://github.com/KotorinMinami/res_list/tree/master/mugen-riscv/logs/os-storage/oe_test_storage_ext3_mount_write/2023-04-28-07:18:51.log,mugen problem
,oe_test_storage_ext4_mount,fail,https://github.com/KotorinMinami/res_list/tree/master/mugen-riscv/logs/os-storage/oe_test_storage_ext4_mount/2023-04-28-06:55:41.log,mugen problem 
,oe_test_storage_fileCMD_mkfs,fail,https://github.com/KotorinMinami/res_list/tree/master/mugen-riscv/logs/os-storage/oe_test_storage_fileCMD_mkfs/2023-04-28-06:44:53.log,mugen problem
,oe_test_storage_fileCMD_pwd,fail,https://github.com/KotorinMinami/res_list/tree/master/mugen-riscv/logs/os-storage/oe_test_storage_fileCMD_pwd/2023-04-28-06:36:59.log,文件系统中并没有选择测试的目录，使用mkdir事先建立对应目录可过，建议加入pre_test中
,oe_test_storage_lvm_set_regionsize,fail,https://github.com/KotorinMinami/res_list/tree/master/mugen-riscv/logs/os-storage/oe_test_storage_lvm_set_regionsize/2023-04-28-11:35:23.log,内核模块缺失 dm-raid
,oe_test_storage_smb_cmd_smbcontrol,fail,https://github.com/KotorinMinami/res_list/tree/master/mugen-riscv/logs/os-storage/oe_test_storage_smb_cmd_smbcontrol/2023-04-28-09:42:50.log,运行软件时需要加载libmessages-util-samba4.so，在LD_LIBRARY_PATH环境变量相同时，x86环境下运行可自动找到对应文件，但riscv下无法找到，只有将对应lib的文件路径赋值到环境变量时才可正常运行
,oe_test_storage_smb_cmd_smbpasswd,fail,https://github.com/KotorinMinami/res_list/tree/master/mugen-riscv/logs/os-storage/oe_test_storage_smb_cmd_smbpasswd/2023-04-28-09:45:03.log,运行软件时需要加载libmessages-util-samba4.so，在LD_LIBRARY_PATH环境变量相同时，x86环境下运行可自动找到对应文件，但riscv下无法找到，只有将对应lib的文件路径赋值到环境变量时才可正常运行
,oe_test_storage_smb_cmd_smbstatus,fail,https://github.com/KotorinMinami/res_list/tree/master/mugen-riscv/logs/os-storage/oe_test_storage_smb_cmd_smbstatus/2023-04-28-09:54:50.log,运行软件时需要加载libmessages-util-samba4.so，在LD_LIBRARY_PATH环境变量相同时，x86环境下运行可自动找到对应文件，但riscv下无法找到，只有将对应lib的文件路径赋值到环境变量时才可正常运行
,oe_test_storage_smb_cmd_testparm,fail,https://github.com/KotorinMinami/res_list/tree/master/mugen-riscv/logs/os-storage/oe_test_storage_smb_cmd_testparm/2023-04-28-10:26:24.log,运行软件时需要加载libserver-role-samba4.so，在LD_LIBRARY_PATH环境变量相同时，x86环境下运行可自动找到对应文件，但riscv下无法找到，只有将对应lib的文件路径赋值到环境变量时才可正常运行
,oe_test_storage_smb_guest_share,fail,https://github.com/KotorinMinami/res_list/tree/master/mugen-riscv/logs/os-storage/oe_test_storage_smb_guest_share/2023-04-28-10:29:54.log,同上缺失lib文件，不过上面两个lib文件都需加载
,oe_test_storage_xfs_restore,fail,https://github.com/KotorinMinami/res_list/tree/master/mugen-riscv/logs/os-storage/oe_test_storage_xfs_restore/2023-04-28-11:05:53.log,xfsdemp error
pcp,oe_test_service_pmmgr,fail,https://github.com/KotorinMinami/res_list/tree/master/mugen-riscv/logs/pcp/oe_test_service_pmmgr/2023-04-28-02:52:21.log,待测软件包 pcp-manager 不存在
,oe_test_service_pmwebd,fail,https://github.com/KotorinMinami/res_list/tree/master/mugen-riscv/logs/pcp/oe_test_service_pmwebd/2023-04-28-02:57:15.log,没有软件包提供 pmwebd.service
pigz,oe_test_pigz,fail,https://github.com/KotorinMinami/res_list/tree/master/mugen-riscv/logs/pigz/oe_test_pigz/2023-04-26-19:20:20.log,镜像没有预装待测软件包 pigz
psacct,oe_test_psacct,fail,https://github.com/KotorinMinami/res_list/tree/master/mugen-riscv/logs/psacct/oe_test_psacct/2023-04-26-20:13:03.log,systemd启动失败，原因未知
,oe_test_service_psacct,fail,https://github.com/KotorinMinami/res_list/tree/master/mugen-riscv/logs/psacct/oe_test_service_psacct/2023-04-26-20:15:06.log,systemd启动失败，原因未知
quota,oe_test_service_quota_nld,fail,https://github.com/KotorinMinami/res_list/tree/master/mugen-riscv/logs/quota/oe_test_service_quota_nld/2023-04-26-21:17:36.log,quota_nld.service 启动出现错误 quota_nld: Cannot resolve quota netlink name: Cannot allocate memory
rasdaemon,oe_test_service_ras-mc-ctl,fail,https://github.com/KotorinMinami/res_list/tree/master/mugen-riscv/logs/rasdaemon/oe_test_service_ras-mc-ctl/2023-04-26-22:25:28.log,初始化EDAC v3.0.0 Drivers 失败
rdma-core,oe_test_socket_ibacm,fail,https://github.com/KotorinMinami/res_list/tree/master/mugen-riscv/logs/rdma-core/oe_test_socket_ibacm/2023-04-26-22:38:45.log,ibacm.socket 启动出现错误 ibacm.socket: Failed to create listening socket (rdma 4): Protocol not supported
realmd,oe_test_service_realmd,fail,https://github.com/KotorinMinami/res_list/tree/master/mugen-riscv/logs/realmd/oe_test_service_realmd/2023-04-26-22:42:34.log,Failed to load module: /usr/lib64/gio/modules/libgioremote-volume-monitor.so and Failed to load module: /usr/lib64/gio/modules/libgvfsdbus.so，对应文件夹中没有来那两个模块文件
samba,oe_test_service_nmb,fail,https://github.com/KotorinMinami/res_list/tree/master/mugen-riscv/logs/samba/oe_test_service_nmb/2023-04-27-02:03:38.log,可能是构建问题，链接库均在 /usr/lib64/samba ，但是只有部分被正确从该路径加载，导致加载动态链接库 libmessages-util-samba4.so 失败
,oe_test_service_smb,fail,https://github.com/KotorinMinami/res_list/tree/master/mugen-riscv/logs/samba/oe_test_service_smb/2023-04-27-02:10:01.log,可能是构建问题，链接库均在 /usr/lib64/samba ，但是只有部分被正确从该路径加载，导致加载动态链接库 libmessages-util-samba4.so 失败
,oe_test_service_winbind,fail,https://github.com/KotorinMinami/res_list/tree/master/mugen-riscv/logs/samba/oe_test_service_winbind/2023-04-27-02:12:55.log,可能是构建问题，链接库均在 /usr/lib64/samba ，但是只有部分被正确从该路径加载，导致加载动态链接库 libflag-mapping-samba4.so 失败
sanlock,oe_test_sanlock_wdmd,fail,https://github.com/KotorinMinami/res_list/tree/master/mugen-riscv/logs/sanlock/oe_test_sanlock_wdmd/2023-04-27-02:26:40.log,Module softdog not found
security-tool,oe_test_security_tool,fail,https://github.com/KotorinMinami/res_list/tree/master/mugen-riscv/logs/security-tool/oe_test_security_tool/2023-04-27-02:40:49.log,镜像没有预装待测软件包 security-tool
,oe_test_service_openEuler-security,fail,https://github.com/KotorinMinami/res_list/tree/master/mugen-riscv/logs/security-tool/oe_test_service_openEuler-security/2023-04-27-02:42:59.log,镜像没有预装待测软件包 security-tool
smoke-basic-os,oe_test_CPUinfo_001,fail,https://github.com/KotorinMinami/res_list/tree/master/mugen-riscv/logs/smoke-basic-os/oe_test_CPUinfo_001/2023-05-26-00:21:53.log,lscpu 输出不符合预期
,oe_test_bbr_02,fail,https://github.com/KotorinMinami/res_list/tree/master/mugen-riscv/logs/smoke-basic-os/oe_test_bbr_02/2023-04-29-09:54:28.log,/proc/sys/net/ipv4/tcp_congestion_control 无法写入
,oe_test_bbr_04,fail,https://github.com/KotorinMinami/res_list/tree/master/mugen-riscv/logs/smoke-basic-os/oe_test_bbr_04/2023-04-29-09:54:45.log,内核模块缺失 sch_fq
,oe_test_bonding_SCEN_05,fail,https://github.com/KotorinMinami/res_list/tree/master/mugen-riscv/logs/smoke-basic-os/oe_test_bonding_SCEN_05/2023-04-29-09:55:05.log,内核模块缺失 bonding
,oe_test_criu,fail,https://github.com/KotorinMinami/res_list/tree/master/mugen-riscv/logs/smoke-basic-os/oe_test_criu/2023-04-29-05:34:06.log,待测软件包 criu 不存在
,oe_test_gcc_001,fail,https://github.com/KotorinMinami/res_list/tree/master/mugen-riscv/logs/smoke-basic-os/oe_test_gcc_001/2023-05-26-00:01:54.log,ldd 静态链接的二进制返回 not a dynamic executable
,oe_test_ip_rule_01,fail,https://github.com/KotorinMinami/res_list/tree/master/mugen-riscv/logs/smoke-basic-os/oe_test_ip_rule_01/2023-04-29-07:32:00.log,CONFIG_IP_MULTIPLE_TABLES is not set
,oe_test_ip_rule_02,fail,https://github.com/KotorinMinami/res_list/tree/master/mugen-riscv/logs/smoke-basic-os/oe_test_ip_rule_02/2023-04-29-07:32:16.log,CONFIG_IP_MULTIPLE_TABLES is not set
,oe_test_iscsi,fail,https://github.com/KotorinMinami/res_list/tree/master/mugen-riscv/logs/smoke-basic-os/oe_test_iscsi/2023-04-29-05:46:14.log,CONFIG_CONFIGFS_FS is not set
,oe_test_iscsid,fail,https://github.com/KotorinMinami/res_list/tree/master/mugen-riscv/logs/smoke-basic-os/oe_test_iscsid/2023-04-29-07:40:15.log,can not create NETLINK_ISCSI socket [Protocol not supported]可能为内核问题
,oe_test_libcgroup_04,success,https://github.com/KotorinMinami/res_list/tree/master/mugen-riscv/logs/smoke-basic-os/oe_test_libcgroup_04/2023-07-14-18_18_26.log,手动重测通过
,oe_test_ncurses,success,https://github.com/KotorinMinami/res_list/tree/master/mugen-riscv/logs/smoke-basic-os/oe_test_ncurses/2023-06-28-02:06:03.log,None
,oe_test_numactl,fail,https://github.com/KotorinMinami/res_list/tree/master/mugen-riscv/logs/smoke-basic-os/oe_test_numactl/2023-04-29-05:58:41.log,CONFIG_NUMA is not set
,oe_test_perf,fail,https://github.com/KotorinMinami/res_list/tree/master/mugen-riscv/logs/smoke-basic-os/oe_test_perf/2023-06-25-18_19_00.log,测试出错 cycles: PMU Hardware doesn't support sampling/overflow-interrupts. Try 'perf stat'
,oe_test_pwd_001,fail,https://github.com/KotorinMinami/res_list/tree/master/mugen-riscv/logs/smoke-basic-os/oe_test_pwd_001/2023-04-29-06:02:28.log,测试使用的 /etc/kernel 目录不存在
,oe_test_rollback,fail,https://github.com/KotorinMinami/res_list/tree/master/mugen-riscv/logs/smoke-basic-os/oe_test_rollback/2023-04-29-06:26:56.log,mugen 测试代码并没有考虑到git软件包已安装时的情况
,oe_test_rule_ipv6,fail,https://github.com/KotorinMinami/res_list/tree/master/mugen-riscv/logs/smoke-basic-os/oe_test_rule_ipv6/2023-04-29-08:40:20.log,CONFIG_IP_MULTIPLE_TABLES is not set
,oe_test_service,success,https://github.com/KotorinMinami/res_list/tree/master/mugen-riscv/logs/smoke-basic-os/oe_test_service/2023-07-14-18_22_21.log,手动重测通过
,oe_test_skopeo,fail,https://github.com/KotorinMinami/res_list/tree/master/mugen-riscv/logs/smoke-basic-os/oe_test_skopeo/2023-04-29-06:04:38.log,choosing image instance: no image found in manifest list for architecture riscv64
,oe_test_syslog_logrotate_001,fail,https://github.com/KotorinMinami/res_list/tree/master/mugen-riscv/logs/smoke-basic-os/oe_test_syslog_logrotate_001/2023-05-26-00:15:50.log,/var/log/messages 目录不存在
,oe_test_user_debug_iotop_03,fail,https://github.com/KotorinMinami/res_list/tree/master/mugen-riscv/logs/smoke-basic-os/oe_test_user_debug_iotop_03/2023-04-29-10:09:55.log,"iotop 运行失败 Could not run iotop as some of the requirements are not met: Linux >= 2.6.20 with I/O accounting support (CONFIG_TASKSTATS, CONFIG_TASK_DELAY_ACCT, CONFIG_TASK_IO_ACCOUNTING)"
,oe_test_yumgroup_001,fail,https://github.com/KotorinMinami/res_list/tree/master/mugen-riscv/logs/smoke-basic-os/oe_test_yumgroup_001/2023-04-29-06:23:17.log,oe-rv目前软件仓内并没有划分软件包组
,oe_test_MEMinfo_001,fail,https://github.com/KotorinMinami/res_list/tree/master/mugen-riscv/logs/smoke-basic-os/oe_test_MEMinfo_001/2023-05-26-00:16:17.log,测试套问题，预期的 lshw 输出不适合 rv 架构
,oe_test_perf_top_01,fail,https://github.com/KotorinMinami/res_list/tree/master/mugen-riscv/logs/smoke-basic-os/oe_test_perf_top_01/2023-05-26-00:17:11.log,测试出错 cycles: PMU Hardware doesn't support sampling/overflow-interrupts. Try 'perf stat'
strongswan,oe_test_service_strongswan_02,fail,https://github.com/KotorinMinami/res_list/tree/master/mugen-riscv/logs/strongswan/oe_test_service_strongswan_02/2023-04-27-03:34:49.log,pre_test时podman出现堆栈错误导致后续软件运行错误
,oe_test_service_swanctl_01,fail,https://github.com/KotorinMinami/res_list/tree/master/mugen-riscv/logs/strongswan/oe_test_service_swanctl_01/2023-04-27-03:52:50.log,pre_test时podman出现堆栈错误导致后续软件运行错误
,oe_test_service_swanctl_02,fail,https://github.com/KotorinMinami/res_list/tree/master/mugen-riscv/logs/strongswan/oe_test_service_swanctl_02/2023-04-27-04:00:56.log,pre_test时podman出现堆栈错误导致后续软件运行错误
udisks2,oe_test_service_udisks2,fail,https://github.com/KotorinMinami/res_list/tree/master/mugen-riscv/logs/udisks2/oe_test_service_udisks2/2023-04-27-04:42:18.log,Failed to load module: /usr/lib64/gio/modules/libgvfsdbus.so
vdo,oe_test_service_vdo,fail,https://github.com/KotorinMinami/res_list/tree/master/mugen-riscv/logs/vdo/oe_test_service_vdo/2023-04-27-04:56:41.log,nothing provides kmod-kvdo
FS_File,oe_test_FSIO_modify_file,fail,https://github.com/KotorinMinami/res_list/tree/master/mugen-riscv/logs/FS_File/oe_test_FSIO_modify_file/2023-06-23-02:15:24.log,preinstall absent
,oe_test_FSIO_sys_fs_check,fail,https://github.com/KotorinMinami/res_list/tree/master/mugen-riscv/logs/FS_File/oe_test_FSIO_sys_fs_check/2023-06-23-02:21:04.log,挂载硬盘时出错，显示硬盘不存在
,oe_test_FSIO_filefrag,fail,https://github.com/KotorinMinami/res_list/tree/master/mugen-riscv/logs/FS_File/oe_test_FSIO_filefrag/2023-06-23-02:13:11.log,preinstall absent
,oe_test_FSIO_act_file_lack_inode,fail,https://github.com/KotorinMinami/res_list/tree/master/mugen-riscv/logs/FS_File/oe_test_FSIO_act_file_lack_inode/2023-06-23-01:37:53.log,preinstall absent
,oe_test_FSIO_create_hardlink_fail,fail,https://github.com/KotorinMinami/res_list/tree/master/mugen-riscv/logs/FS_File/oe_test_FSIO_create_hardlink_fail/2023-06-23-02:08:47.log,preinstall absent
amanda,oe_test_amanda_amcheck,fail,https://github.com/KotorinMinami/res_list/tree/master/mugen-riscv/logs/amanda/oe_test_amanda_amcheck/2023-06-16-03:44:44.log,依赖 gettext 命令但是没有安装， /usr/lib64/amanda/amanda-sh-lib.sh: line 40: /usr/bin/gettext: No such file or directory
openssh,oe_test_openssh_cipher,fail,https://github.com/KotorinMinami/res_list/tree/master/mugen-riscv/logs/openssh/oe_test_openssh_cipher/2023-06-16-04:10:21.log,使用 aes256-ctr 进行 ssh 连接出现异常
,oe_test_openssh_locked,fail,https://github.com/KotorinMinami/res_list/tree/master/mugen-riscv/logs/openssh/oe_test_openssh_locked/2023-06-16-04:11:55.log,preinstall absent/timeout
,oe_test_openssh_no_password,fail,https://github.com/KotorinMinami/res_list/tree/master/mugen-riscv/logs/openssh/oe_test_openssh_no_password/2023-06-16-04:12:57.log,preinstall absent/timeout
,oe_test_openssh_scp,fail,https://github.com/KotorinMinami/res_list/tree/master/mugen-riscv/logs/openssh/oe_test_openssh_scp/2023-06-16-04:17:42.log,preinstall absent/timeout
,oe_test_openssh_scp_P,fail,https://github.com/KotorinMinami/res_list/tree/master/mugen-riscv/logs/openssh/oe_test_openssh_scp_P/2023-06-16-04:15:05.log,preinstall absent/timeout
,oe_test_openssh_scp_q,fail,https://github.com/KotorinMinami/res_list/tree/master/mugen-riscv/logs/openssh/oe_test_openssh_scp_q/2023-06-16-04:16:05.log,preinstall absent/timeout
python-rtslib,oe_test_service_target,fail,https://github.com/KotorinMinami/res_list/tree/master/mugen-riscv/logs/python-rtslib/oe_test_service_target/2023-06-16-04:21:37.log,内核模块缺失 configfs 导致启动出错 Could not load module: configfs
